;div;h1;h2;h3;h4;h5;h6;img;form;fieldset;legend;label;input;labelsAssociados;script;article;section;nav;footer;video;audio;object;applet;table;tr;th;td;caption;style;links;ul;ol;li;dl;dt;dd;alt;roles.alert;roles.alertdialog;roles.application;roles.article;roles.banner;roles.button;roles.checkbox;roles.columnheader;roles.combobox;roles.complementary;roles.contentinfo;roles.definition;roles.dialog;roles.directory;roles.document;roles.form;roles.grid;roles.gridcell;roles.group;roles.heading;roles.img;roles.link;roles.listbox;roles.listitem;roles.log;roles.main;roles.marquee;roles.math;roles.menu;roles.menubar;roles.menuitem;roles.menuitemcheckbox;roles.menuitemradio;roles.navigation;roles.note;roles.option;roles.presentation;roles.progressbar;roles.radio;roles.radiogroup;roles.region;roles.row;roles.rowgroup;roles.rowheader;roles.scrollbar;roles.search;roles.separator;roles.slider;roles.spinbutton;roles.status;roles.tab;roles.tablist;roles.tabpanel;roles.textbox;roles.timer;roles.toolbar;roles.tooltip;roles.tree;roles.treegrid;roles.treeitem;arialabel;arialabelledby;ariadescribedby
GOOGLE;7;0;0;0;0;0;0;5;2;0;0;0;9;0;8;0;0;0;0;0;0;0;0;5;8;0;20;0;2;0;0;0;0;0;0;0;5;0;0;0;0;0;0;0;0;0;0;0;0;0;0;0;0;0;0;0;0;0;0;0;0;0;0;0;0;0;0;0;0;0;0;0;0;0;0;0;0;0;0;0;0;0;0;0;0;0;0;0;0;0;0;0;0;0;0;0;0;0;0;0
;7;0;0;0;0;0;0;6;2;0;0;0;9;0;7;0;0;0;0;0;0;0;0;6;10;0;22;0;2;0;0;0;0;0;0;0;6;0;0;0;0;0;0;0;0;0;0;0;0;0;0;0;0;0;0;0;0;0;0;0;0;0;0;0;0;0;0;0;0;0;0;0;0;0;0;0;0;0;0;0;0;0;0;0;0;0;0;0;0;0;0;0;0;0;0;0;0;0;0;0
;7;0;0;0;0;0;0;6;2;0;0;0;8;0;9;0;0;0;0;0;0;0;0;6;10;0;22;0;2;0;0;0;0;0;0;0;6;0;0;0;0;0;0;0;0;0;0;0;0;0;0;0;0;0;0;0;0;0;0;0;0;0;0;0;0;0;0;0;0;0;0;0;0;0;0;0;0;0;0;0;0;0;0;0;0;0;0;0;0;0;0;0;0;0;0;0;0;0;0;0
;8;0;0;0;0;0;0;6;2;0;0;0;9;0;9;0;0;0;0;0;0;0;0;5;8;0;20;0;2;0;0;0;0;0;0;0;6;0;0;0;0;0;0;0;0;0;0;0;0;0;0;0;0;0;0;0;0;0;0;0;0;0;0;0;0;0;0;0;0;0;0;0;0;0;0;0;0;0;0;0;0;0;0;0;0;0;0;0;0;0;0;0;0;0;0;0;0;0;0;0
;31;0;0;0;0;0;0;5;2;0;0;0;8;0;9;0;0;0;0;0;0;0;0;4;7;0;19;0;2;0;0;0;0;0;0;0;5;0;0;0;0;0;0;0;0;0;0;0;0;0;0;0;0;0;0;0;0;0;0;0;0;0;0;0;0;0;0;0;0;0;0;0;0;0;0;0;0;0;0;0;0;0;0;0;0;0;0;0;0;0;0;0;0;0;0;0;0;0;0;0
;10;0;0;0;0;0;0;5;2;0;0;0;9;0;8;0;0;0;0;0;0;0;0;4;7;0;19;0;2;0;0;0;0;0;0;0;5;0;0;0;0;0;0;0;0;0;0;0;0;0;0;0;0;0;0;0;0;0;0;0;0;0;0;0;0;0;0;0;0;0;0;0;0;0;0;0;0;0;0;0;0;0;0;0;0;0;0;0;0;0;0;0;0;0;0;0;0;0;0;0
;13;0;0;0;0;0;0;5;2;0;0;0;8;0;8;0;0;0;0;0;0;0;0;4;7;0;19;0;2;0;0;0;0;0;0;0;5;0;0;0;0;0;0;0;0;0;0;0;0;0;0;0;0;0;0;0;0;0;0;0;0;0;0;0;0;0;0;0;0;0;0;0;0;0;0;0;0;0;0;0;0;0;0;0;0;0;0;0;0;0;0;0;0;0;0;0;0;0;0;0
;16;0;0;0;0;0;0;5;2;0;0;0;8;0;10;0;0;0;0;0;0;0;0;4;7;0;19;0;2;0;0;0;0;0;0;0;5;0;0;0;0;0;0;0;0;0;0;0;0;0;0;0;0;0;0;0;0;0;0;0;0;0;0;0;0;0;0;0;0;0;0;0;0;0;0;0;0;0;0;0;0;0;0;0;0;0;0;0;0;0;0;0;0;0;0;0;0;0;0;0
;18;0;0;0;0;0;0;5;2;0;0;0;8;0;12;0;0;0;0;0;0;0;0;4;7;0;19;0;2;0;0;0;0;0;0;0;5;0;0;0;0;0;0;0;0;0;0;0;0;0;0;0;0;0;0;0;0;0;0;0;0;0;0;0;0;0;0;0;0;0;0;0;0;0;0;0;0;0;0;0;0;0;0;0;0;0;0;0;0;0;0;0;0;0;0;0;0;0;0;0
;19;0;0;0;0;0;0;5;2;0;0;0;9;0;12;0;0;0;0;0;0;0;0;4;7;0;19;0;2;0;0;0;0;0;0;0;5;0;0;0;0;0;0;0;0;0;0;0;0;0;0;0;0;0;0;0;0;0;0;0;0;0;0;0;0;0;0;0;0;0;0;0;0;0;0;0;0;0;0;0;0;0;0;0;0;0;0;0;0;0;0;0;0;0;0;0;0;0;0;0
;20;0;0;0;0;0;0;5;2;0;0;0;10;0;12;0;0;0;0;0;0;0;0;4;7;0;19;0;2;0;0;0;0;0;0;0;5;0;0;0;0;0;0;0;0;0;0;0;0;0;0;0;0;0;0;0;0;0;0;0;0;0;0;0;0;0;0;0;0;0;0;0;0;0;0;0;0;0;0;0;0;0;0;0;0;0;0;0;0;0;0;0;0;0;0;0;0;0;0;0
;26;0;0;0;0;0;0;5;2;0;0;0;9;0;12;0;0;0;0;0;0;0;0;4;7;0;19;0;2;0;0;0;0;0;0;0;5;0;0;0;0;0;0;0;0;0;0;0;0;0;0;0;0;0;0;0;0;0;0;0;0;0;0;0;0;0;0;0;0;0;0;0;0;0;0;0;0;0;0;0;0;0;0;0;0;0;0;0;0;0;0;0;0;0;0;0;0;0;0;0
;27;0;0;0;0;0;0;5;2;0;0;0;9;0;13;0;0;0;0;0;0;0;0;4;7;0;19;0;2;0;0;0;0;0;0;0;5;0;0;0;0;0;0;0;0;0;0;0;0;0;0;0;0;0;0;0;0;0;0;0;0;0;0;0;0;0;0;0;0;0;0;0;0;0;0;0;0;0;0;0;0;0;0;0;0;0;0;0;0;0;0;0;0;0;0;0;0;0;0;0
;31;0;1;0;0;0;0;5;2;0;0;0;10;0;19;0;0;0;0;0;0;0;0;4;7;0;19;0;3;0;0;4;31;0;0;0;5;0;0;0;0;0;0;0;0;0;0;0;0;0;0;0;0;0;0;0;0;0;0;0;0;0;0;0;0;0;0;0;0;0;0;0;0;0;0;0;0;0;0;0;0;0;0;0;0;0;0;0;0;0;0;0;0;0;0;0;0;0;0;0
;30;0;1;0;0;0;0;5;2;0;0;0;10;0;15;0;0;0;0;0;0;0;0;4;7;0;19;0;3;0;0;4;31;0;0;0;5;0;0;0;0;0;0;0;0;0;0;0;0;0;0;0;0;0;0;0;0;0;0;0;0;0;0;0;0;0;0;0;0;0;0;0;0;0;0;0;0;0;0;0;0;0;0;0;0;0;0;0;0;0;0;0;0;0;0;0;0;0;0;0
;30;0;1;0;0;0;0;5;2;0;0;0;10;0;17;0;0;0;0;0;0;0;0;4;7;0;19;0;3;0;0;4;29;0;0;0;5;0;0;0;0;0;0;0;0;0;0;0;0;0;0;0;0;0;0;0;0;0;0;0;0;0;0;0;0;0;0;0;0;0;0;0;0;0;0;0;0;0;0;0;0;0;0;0;0;0;0;0;0;0;0;0;0;0;0;0;0;0;0;0
;33;0;1;0;0;0;0;4;2;0;0;0;10;0;17;0;0;0;0;0;0;0;0;4;7;0;19;0;3;0;0;4;26;0;0;0;4;0;0;0;0;0;0;0;0;0;0;0;0;0;0;0;0;0;0;0;0;0;0;0;0;0;0;0;0;0;0;0;0;0;0;0;0;0;0;0;0;0;0;0;0;0;0;0;0;0;0;0;0;0;0;0;0;0;0;0;0;0;0;0
;31;0;1;0;0;0;0;5;2;0;0;0;10;0;19;0;0;0;0;0;0;0;0;4;7;0;19;0;3;0;0;4;28;0;0;0;5;0;0;0;0;0;0;0;0;0;0;0;0;0;0;0;0;0;0;0;0;0;0;0;0;0;0;0;0;0;0;0;0;0;0;0;0;0;0;0;0;0;0;0;0;0;0;0;0;0;0;0;0;0;0;0;0;0;0;0;0;0;0;0
;31;0;1;0;0;0;0;5;2;0;0;0;10;0;18;0;0;0;0;0;0;0;0;4;7;0;19;0;3;0;0;4;27;0;0;0;5;0;0;0;0;0;0;0;0;0;0;0;0;0;0;0;0;0;0;0;0;0;0;0;0;0;0;0;0;0;0;0;0;0;0;0;0;0;0;0;0;0;0;0;0;0;0;0;0;0;0;0;0;0;0;0;0;0;0;0;0;0;0;0
;54;1;1;0;0;0;0;7;2;0;0;0;8;0;21;0;0;0;0;0;0;0;0;3;6;0;16;0;7;0;0;4;31;0;0;0;7;0;0;0;0;0;1;0;0;0;0;0;0;0;0;0;0;0;0;0;0;0;0;0;0;0;0;0;0;0;0;0;0;0;0;0;0;0;0;0;0;0;0;0;0;0;1;0;0;0;0;0;0;0;0;0;0;0;0;0;0;0;0;0
;34;0;1;0;0;0;0;6;2;0;0;0;12;0;19;0;0;0;0;0;0;0;0;5;10;0;23;0;4;0;0;4;28;0;0;0;6;0;0;0;0;0;0;0;0;0;0;0;0;0;0;0;0;0;0;0;0;0;0;0;0;0;0;0;0;0;0;0;0;0;0;0;0;0;0;0;0;0;0;0;0;0;0;0;0;0;0;0;0;0;0;0;0;0;0;0;0;0;0;0
;34;0;1;0;0;0;0;6;2;0;0;0;12;0;19;0;0;0;0;0;0;0;0;5;10;0;23;0;4;0;0;4;28;0;0;0;6;0;0;0;0;0;0;0;0;0;0;0;0;0;0;0;0;0;0;0;0;0;0;0;0;0;0;0;0;0;0;0;0;0;0;0;0;0;0;0;0;0;0;0;0;0;0;0;0;0;0;0;0;0;0;0;0;0;0;0;0;0;0;0
FACEBOOK;21;1;1;0;0;0;0;4;2;0;0;2;11;2;7;0;0;0;0;0;0;0;0;3;6;0;16;0;1;0;2;0;7;0;0;0;4;0;0;0;0;0;0;0;0;0;0;0;0;0;0;0;0;0;0;0;0;0;0;0;0;0;0;0;0;0;0;0;0;0;0;0;0;0;0;0;0;0;0;0;0;0;0;0;0;0;0;0;0;0;0;0;0;0;0;0;0;0;0;0
;20;2;0;0;0;0;0;4;2;0;0;2;11;2;8;0;0;0;0;0;0;0;0;3;6;0;16;0;1;0;3;0;12;0;0;0;4;0;0;0;0;0;0;0;0;0;0;0;0;0;0;0;0;0;0;0;0;0;0;0;0;0;0;0;0;0;0;0;0;0;0;0;0;0;0;0;0;0;0;0;0;0;0;0;0;0;0;0;0;0;0;0;0;0;0;0;0;0;0;0
;19;2;1;0;0;0;0;4;2;0;0;2;13;2;10;0;0;0;0;0;0;0;0;4;7;0;19;0;1;0;3;0;12;0;0;0;4;0;0;0;0;0;0;0;0;0;0;0;0;0;0;0;0;0;0;0;0;0;0;0;0;0;0;0;0;0;0;0;0;0;0;0;0;0;0;0;0;0;0;0;0;0;0;0;0;0;0;0;0;0;0;0;0;0;0;0;0;0;0;0
;22;2;1;0;2;0;0;4;2;0;0;2;10;2;9;0;0;0;0;0;0;0;0;3;6;0;16;0;1;0;3;0;13;0;0;0;4;0;0;0;0;0;0;0;0;0;0;0;0;0;0;0;0;0;0;0;0;0;0;0;0;0;0;0;0;0;0;0;0;0;0;0;0;0;0;0;0;0;0;0;0;0;0;0;0;0;0;0;0;0;0;0;0;0;0;0;0;0;0;0
;33;0;0;0;0;0;0;6;2;0;0;2;10;2;14;0;0;0;0;0;0;0;0;4;7;0;18;0;1;0;2;0;11;0;0;0;6;0;0;0;0;0;0;0;0;0;0;0;0;0;0;0;0;0;0;0;0;0;0;0;0;0;0;0;0;0;0;0;0;0;0;0;0;0;0;0;0;0;0;0;0;0;0;0;0;0;0;0;0;0;0;0;0;0;0;0;0;0;0;0
;35;0;0;0;0;0;0;6;3;0;0;3;14;3;27;0;0;0;0;0;0;0;0;4;7;0;18;0;1;0;2;0;8;0;0;0;6;0;0;0;0;0;0;0;0;0;0;0;0;0;0;0;0;0;0;0;0;0;0;0;0;0;0;0;0;0;0;0;0;0;0;0;0;0;0;0;0;0;0;0;0;0;0;0;0;0;0;0;0;0;0;0;0;0;0;0;0;0;0;0
;77;0;4;1;0;0;0;6;4;0;0;4;24;4;15;0;0;0;0;0;0;0;0;4;11;0;26;0;1;0;2;0;11;0;0;0;6;0;0;0;0;0;0;0;0;0;0;0;0;0;0;0;0;0;0;0;0;0;0;0;0;0;0;0;0;0;0;0;0;0;0;0;0;0;0;0;0;0;0;0;0;0;0;0;0;0;0;0;0;0;0;0;0;0;0;0;0;0;0;0
;76;0;2;0;0;0;0;5;3;0;0;2;24;2;15;0;0;0;0;0;0;0;0;5;14;0;34;0;1;0;2;0;9;0;0;0;5;0;0;0;0;0;0;0;0;0;0;0;0;0;0;0;0;0;0;0;0;0;0;0;0;0;0;0;0;0;0;0;0;0;0;0;0;0;0;0;0;0;0;0;0;0;0;0;0;0;0;0;0;0;0;0;0;0;0;0;0;0;0;0
;89;0;1;0;0;0;0;8;4;0;0;2;31;2;16;0;0;0;0;0;0;0;0;5;14;0;34;0;1;0;4;0;12;0;0;0;8;0;0;0;0;0;0;0;0;0;0;0;0;0;0;0;0;0;0;0;0;0;0;0;0;0;0;0;0;0;0;0;0;0;0;0;0;0;0;0;0;0;0;0;0;0;0;0;0;0;0;0;0;0;0;0;0;0;0;0;0;0;0;0
;81;0;1;0;0;0;0;9;4;0;0;2;33;2;13;0;0;0;0;0;0;0;0;5;16;0;37;0;1;0;5;0;24;0;0;0;9;0;0;0;0;0;0;0;0;0;0;0;0;0;0;0;0;0;0;0;0;0;0;0;0;0;0;0;0;0;0;0;0;0;0;0;0;0;0;0;0;0;0;0;0;0;0;0;0;0;0;0;0;0;0;0;0;0;0;0;0;0;0;0
;76;0;1;0;0;0;0;9;4;0;0;7;33;7;13;0;0;0;0;0;0;0;0;5;17;0;38;0;1;0;3;0;12;0;0;0;9;0;0;0;0;0;0;0;0;0;0;0;0;0;0;0;0;0;0;0;0;0;0;0;0;0;0;0;0;0;0;0;0;0;0;0;0;0;0;0;0;0;0;0;0;0;0;0;0;0;0;0;0;0;0;0;0;0;0;0;0;0;0;0
;76;0;1;0;0;0;0;9;4;0;0;7;39;7;14;0;0;0;0;0;0;0;0;5;18;0;40;0;1;0;1;0;11;0;0;0;9;0;0;0;0;0;0;0;0;0;0;0;0;0;0;0;0;0;0;0;0;0;0;0;0;0;0;0;0;0;0;0;0;0;0;0;0;0;0;0;0;0;0;0;0;0;0;0;0;0;0;0;0;0;0;0;0;0;0;0;0;0;0;0
;76;0;1;0;0;0;0;10;3;0;0;12;33;12;18;0;0;0;0;0;0;0;0;5;17;0;39;0;1;0;1;0;11;0;0;0;10;0;0;0;0;0;0;0;0;0;0;1;0;0;0;0;0;0;0;0;0;0;0;0;0;0;0;0;0;0;0;0;0;0;1;0;0;0;0;0;0;0;0;0;0;0;0;0;0;0;0;0;0;0;0;0;0;0;0;0;0;0;0;0
;82;0;1;0;0;0;0;9;3;0;0;12;38;12;15;0;0;0;0;0;0;0;0;5;17;0;39;0;1;0;1;0;11;0;0;0;9;0;0;0;0;0;0;0;0;0;0;1;0;0;0;0;0;0;0;0;0;0;0;0;0;0;0;0;0;0;0;0;0;0;1;0;0;0;0;0;0;0;0;0;0;0;0;0;0;0;0;0;0;0;0;0;0;0;0;0;0;0;0;0
;89;0;1;0;0;0;0;8;3;0;0;12;37;12;18;0;0;0;0;0;0;0;0;5;18;0;41;0;1;0;1;0;11;0;0;0;8;0;0;0;0;0;1;0;0;0;0;1;0;0;0;0;0;0;0;0;0;0;0;0;0;0;0;0;0;0;0;0;0;0;1;0;0;0;0;0;0;0;0;0;0;0;0;0;0;0;0;0;0;0;0;0;0;0;0;0;0;4;0;0
;88;1;2;0;0;0;0;9;3;0;0;8;38;8;17;0;0;0;0;0;0;0;0;4;9;0;23;0;1;0;1;0;11;0;0;0;9;0;0;0;0;0;2;0;0;0;0;1;0;0;0;0;0;0;0;0;0;0;0;0;0;0;0;0;0;0;0;0;0;0;0;0;0;0;0;0;0;0;0;0;0;0;0;0;0;0;0;0;0;0;0;0;0;0;0;0;0;10;0;0
;98;2;2;0;0;0;0;11;3;0;0;8;36;8;17;0;0;0;0;0;0;0;0;5;11;0;41;0;2;0;1;0;11;0;0;0;11;0;0;0;0;0;9;0;0;0;0;1;0;0;0;0;0;0;0;0;0;0;0;0;0;0;0;0;0;0;0;0;0;0;0;0;0;0;0;0;0;0;0;0;0;0;0;0;0;0;0;0;0;0;0;0;0;0;0;0;0;7;0;0
;83;2;2;0;0;0;0;10;3;0;0;7;36;7;17;0;0;0;0;0;0;0;0;5;11;0;41;0;2;0;1;0;11;0;0;0;10;0;0;0;0;0;9;0;0;0;0;1;0;0;0;0;0;0;0;0;0;0;0;0;0;0;0;0;0;0;0;0;0;0;0;0;0;0;0;0;0;0;0;0;0;0;0;0;0;0;0;0;0;0;0;0;0;0;0;0;0;7;0;0
;87;2;2;0;0;0;0;10;3;0;0;7;35;7;17;0;0;0;0;0;0;0;0;5;12;0;42;0;2;0;1;0;11;0;0;0;10;0;0;0;0;0;9;0;0;0;0;1;0;0;0;0;0;0;0;0;0;0;0;0;0;0;0;0;0;0;0;0;0;0;0;0;0;0;0;0;0;0;0;0;0;0;0;0;0;0;0;0;0;0;0;0;0;0;0;0;0;7;0;0
;89;2;2;0;0;0;0;10;3;0;0;7;34;7;17;0;0;0;0;0;0;0;0;5;12;0;42;0;2;0;1;0;11;0;0;0;10;0;0;0;0;0;9;0;0;0;0;1;0;0;0;0;0;0;0;0;0;0;0;0;0;0;0;0;0;0;0;0;0;0;0;0;0;1;0;0;0;0;0;0;0;0;0;0;0;0;0;0;0;0;0;0;0;0;0;0;0;7;0;0
;87;1;1;0;0;0;0;8;4;0;0;7;37;7;20;0;0;0;0;0;0;0;0;5;12;0;45;0;1;0;1;0;11;0;0;0;8;1;0;0;0;1;9;0;0;0;0;1;0;0;0;0;0;0;0;0;0;0;0;0;0;0;1;0;0;0;0;0;0;0;0;0;0;1;0;0;0;0;0;0;0;0;0;0;0;0;0;0;0;0;0;0;0;0;0;0;0;10;0;0
YOUTUBE;30;0;0;0;0;0;0;27;2;0;0;0;6;0;10;0;0;0;0;0;0;0;0;12;21;0;59;0;1;0;0;0;0;0;0;0;27;0;0;0;0;0;0;0;0;0;0;0;0;0;0;0;0;0;0;0;0;0;0;0;0;0;0;0;0;0;0;0;0;0;0;0;0;0;0;0;0;0;0;0;0;0;0;0;0;0;0;0;0;0;0;0;0;0;0;0;0;0;0;0
;153;0;0;0;0;0;0;149;2;0;0;0;7;0;12;0;0;0;0;0;0;0;0;41;66;0;184;0;1;0;1;0;3;0;0;0;149;0;0;0;0;0;0;0;0;0;0;0;0;0;0;0;0;0;0;0;0;0;0;0;0;0;0;0;0;0;0;0;0;0;0;0;0;0;0;0;0;0;0;0;0;0;0;0;0;0;0;0;0;0;0;0;0;0;0;0;0;0;0;0
;112;3;0;1;1;0;0;67;3;0;0;0;7;0;15;0;0;0;0;0;0;0;0;35;39;0;71;0;1;0;0;0;0;0;0;0;67;0;0;0;0;0;0;0;0;0;0;0;0;0;0;0;0;0;0;0;0;0;0;0;0;0;0;0;0;0;0;0;0;0;0;0;0;0;0;0;0;0;0;0;0;0;0;0;0;0;0;0;0;0;0;0;0;0;0;0;0;0;0;0
;240;0;0;0;0;0;0;102;5;0;0;0;13;0;31;0;0;0;0;0;0;1;0;16;21;0;47;0;1;0;0;0;0;0;0;0;102;0;0;0;0;0;0;0;0;0;0;0;0;0;0;0;0;0;0;0;0;0;0;0;0;0;0;0;0;0;0;0;0;0;0;0;0;0;0;0;0;0;0;0;0;0;0;0;0;0;0;0;0;0;0;0;0;0;0;0;0;0;0;0
;268;1;0;1;0;0;0;124;5;0;0;0;12;0;29;0;0;0;0;0;0;0;0;21;38;0;95;0;1;0;1;0;4;0;0;0;124;0;0;0;0;0;0;0;0;0;0;0;0;0;0;0;0;0;0;0;0;0;0;0;0;0;0;0;0;0;0;0;0;0;0;0;0;0;0;0;0;0;0;0;0;0;0;0;0;0;0;0;0;0;0;0;0;0;0;0;0;0;0;0
;282;1;0;0;0;0;0;123;6;0;0;4;23;4;23;0;0;0;0;0;0;0;0;18;41;3;110;0;2;0;1;0;4;0;0;0;123;0;0;0;0;0;0;0;0;0;0;0;0;0;0;0;0;0;0;0;0;0;0;0;0;0;0;0;0;0;0;0;0;0;0;0;0;0;0;0;0;0;0;0;0;0;0;0;0;0;0;0;0;0;0;0;0;0;0;0;0;0;0;0
;392;1;0;0;0;0;0;55;4;0;0;0;16;0;24;0;0;0;0;0;0;0;0;5;11;3;39;0;2;0;0;0;0;0;0;0;55;0;0;0;0;0;0;0;0;0;0;0;0;0;0;0;0;0;0;0;0;0;0;0;0;0;0;0;0;0;0;0;0;0;0;0;0;0;0;0;0;0;0;0;0;0;0;0;0;0;0;0;0;0;0;0;0;0;0;0;0;0;0;0
;316;1;2;0;0;0;0;68;4;0;0;0;23;0;28;0;0;0;0;0;0;0;0;6;13;3;45;0;3;0;0;0;0;0;0;0;68;0;0;0;0;0;0;0;0;0;0;0;0;0;0;0;0;0;0;0;0;0;0;0;0;0;0;0;0;0;0;0;0;0;0;0;0;0;0;0;0;0;0;0;0;0;0;0;0;0;0;0;0;0;0;0;0;0;0;0;0;0;0;0
;366;0;0;0;0;0;0;33;4;0;0;0;12;0;23;0;0;0;0;0;0;0;0;5;12;5;39;0;3;0;1;0;2;0;0;0;33;0;0;0;0;0;0;0;0;0;0;0;0;0;0;0;0;0;0;0;0;0;0;0;0;0;0;0;0;0;0;0;0;0;0;0;0;0;0;0;0;0;0;0;0;0;0;0;0;0;0;0;0;0;0;0;0;0;0;0;0;0;0;0
;405;0;0;0;0;0;0;40;4;0;0;0;12;0;22;0;0;0;0;0;0;0;0;5;12;5;41;0;3;0;0;0;0;0;0;0;40;0;0;0;0;0;0;0;0;0;0;0;0;0;0;0;0;0;0;0;0;0;0;0;0;0;0;0;0;0;0;0;0;0;0;0;0;0;0;0;0;0;0;0;0;0;0;0;0;0;0;0;0;0;0;0;0;0;0;0;0;0;0;0
;446;0;1;2;0;0;0;93;3;0;0;0;9;0;22;0;0;0;0;0;0;0;0;4;6;0;16;0;2;0;28;0;38;0;0;0;93;0;0;0;0;0;0;0;0;0;0;0;0;0;0;0;0;0;0;0;0;0;0;0;0;0;0;0;0;0;0;0;0;0;0;0;0;0;0;0;0;0;0;0;0;0;0;0;0;0;0;0;0;0;0;0;0;0;0;0;0;0;0;0
;362;0;0;4;0;0;0;128;4;0;0;0;11;0;24;0;0;0;0;0;0;0;0;4;6;0;16;0;2;0;8;2;30;0;0;0;128;0;0;0;0;0;65;0;0;0;0;0;0;0;0;0;0;0;0;0;0;0;0;0;0;0;0;0;0;0;0;0;0;0;0;0;0;0;0;0;0;0;0;0;0;0;0;0;0;0;0;0;0;0;0;0;0;0;0;0;0;0;0;0
;365;0;11;5;0;0;0;179;4;0;0;1;17;1;27;0;0;0;0;0;0;0;0;4;6;0;16;0;1;0;11;2;35;0;0;0;179;0;0;0;0;0;89;0;0;0;0;0;0;0;0;0;0;0;0;0;0;0;0;0;0;0;0;0;0;0;0;0;0;0;0;0;0;0;0;0;0;0;0;0;0;0;0;0;0;0;0;0;0;0;0;0;0;0;0;0;0;0;0;0
;291;0;3;33;29;0;0;223;3;0;0;2;13;1;20;0;0;0;0;0;0;0;0;6;9;0;20;0;3;0;11;2;83;0;0;0;223;0;0;0;0;0;62;0;0;0;0;0;0;0;0;0;0;0;0;0;0;0;0;0;0;0;0;0;0;0;0;0;0;0;0;0;0;0;0;0;0;0;0;0;0;0;0;0;0;0;0;0;0;0;0;0;0;0;0;0;0;0;0;0
;305;0;3;3;22;0;0;150;3;0;0;2;12;1;27;0;0;0;0;0;0;0;0;4;7;0;18;0;2;0;10;2;56;0;0;0;150;4;0;0;0;0;41;0;0;0;0;0;0;0;0;0;0;0;0;0;0;0;0;0;0;0;0;0;0;0;0;0;0;0;0;0;0;0;0;0;0;0;0;0;0;0;0;0;0;0;0;0;0;0;0;0;0;0;0;0;0;0;0;0
;241;0;17;3;0;0;0;144;3;0;0;2;9;1;27;0;0;0;0;0;0;0;0;4;7;0;18;0;3;0;7;0;32;0;0;0;144;2;0;0;0;0;43;0;0;0;0;0;0;0;0;0;0;0;0;0;0;0;0;0;0;0;0;0;0;0;0;0;0;0;0;0;0;0;0;0;0;0;0;0;0;0;0;0;0;0;0;0;0;0;0;0;0;0;0;0;0;0;0;0
;246;0;17;2;0;0;0;157;3;0;0;2;9;1;27;0;0;0;0;0;0;0;0;4;7;0;18;0;2;0;8;0;35;0;0;0;157;4;0;0;0;0;41;0;0;0;0;0;0;0;0;0;0;0;0;0;0;0;0;0;0;0;0;0;0;0;0;0;0;0;0;0;0;0;0;0;0;0;0;0;0;0;0;0;0;0;0;0;0;0;0;0;0;0;0;0;0;0;0;0
;334;0;5;46;0;0;0;208;3;0;0;1;7;1;38;0;0;0;0;0;0;0;0;3;6;0;16;0;1;0;62;0;223;0;0;0;208;1;0;0;0;0;69;0;0;0;0;0;0;0;0;0;0;0;0;0;0;0;0;0;0;0;0;0;0;5;0;0;0;0;0;0;0;0;0;0;0;0;0;0;0;0;0;0;0;0;0;0;0;0;0;0;0;0;0;0;0;10;0;0
;476;0;10;52;0;0;0;249;3;0;0;1;7;1;33;0;0;0;0;0;0;0;0;3;6;0;16;0;1;0;68;0;242;0;0;0;249;0;0;0;0;0;5;0;0;0;0;0;0;0;0;0;0;0;0;0;0;0;0;0;0;0;0;0;0;5;0;0;0;0;0;0;0;0;0;0;0;0;0;0;0;0;0;0;0;0;0;0;0;0;0;0;0;0;0;0;0;11;0;0
;1477;0;16;178;0;0;0;205;3;0;0;1;7;1;26;0;0;0;0;0;0;0;0;3;6;0;16;0;2;0;372;18;932;0;0;0;205;0;0;0;0;0;174;0;0;0;0;0;0;1;0;0;0;0;0;0;0;0;0;0;0;0;0;0;0;4;0;0;0;0;1;0;0;0;0;0;0;0;0;0;0;0;0;0;0;0;0;0;0;0;0;0;0;0;0;0;0;60;0;174
;716;0;8;77;0;0;0;96;3;0;0;0;7;0;29;0;0;0;0;0;0;0;0;3;6;0;16;0;2;0;162;10;413;0;0;0;96;1;0;0;0;0;73;0;0;0;1;0;0;1;0;0;0;0;0;0;0;0;1;0;0;0;1;0;0;4;0;0;0;0;1;0;0;0;0;0;0;0;0;0;0;0;0;0;0;0;0;0;0;0;0;0;0;0;0;0;0;34;0;73
YAHOO;7;0;0;0;0;0;0;22;3;0;0;2;9;1;31;0;0;0;0;0;0;0;0;88;105;0;171;0;2;0;0;0;0;0;0;0;22;0;0;0;0;0;0;0;0;0;0;0;0;0;0;0;0;0;0;0;0;0;0;0;0;0;0;0;0;0;0;0;0;0;0;0;0;0;0;0;0;0;0;0;0;0;0;0;0;0;0;0;0;0;0;0;0;0;0;0;0;0;0;0
;7;0;0;0;0;0;0;24;3;0;0;2;9;1;17;0;0;0;0;0;0;0;0;101;125;0;198;0;2;0;0;0;0;0;0;0;24;0;0;0;0;0;0;0;0;0;0;0;0;0;0;0;0;0;0;0;0;0;0;0;0;0;0;0;0;0;0;0;0;0;0;0;0;0;0;0;0;0;0;0;0;0;0;0;0;0;0;0;0;0;0;0;0;0;0;0;0;0;0;0
;7;0;0;0;0;0;0;22;4;0;0;2;11;1;35;0;0;0;0;0;0;0;0;103;123;0;195;0;4;0;0;0;0;0;0;0;22;0;0;0;0;0;0;0;0;0;0;0;0;0;0;0;0;0;0;0;0;0;0;0;0;0;0;0;0;0;0;0;0;0;0;0;0;0;0;0;0;0;0;0;0;0;0;0;0;0;0;0;0;0;0;0;0;0;0;0;0;0;0;0
;7;0;0;0;0;0;0;6;2;0;0;0;9;0;6;0;0;0;0;0;0;0;0;31;44;0;80;0;3;0;0;0;0;0;0;0;6;0;0;0;0;0;0;0;0;0;0;0;0;0;0;0;0;0;0;0;0;0;0;0;0;0;0;0;0;0;0;0;0;0;0;0;0;0;0;0;0;0;0;0;0;0;0;0;0;0;0;0;0;0;0;0;0;0;0;0;0;0;0;0
;7;0;0;0;0;0;0;6;2;0;0;0;9;0;6;0;0;0;0;0;0;0;0;29;43;0;74;0;3;0;0;0;0;0;0;0;6;0;0;0;0;0;0;0;0;0;0;0;0;0;0;0;0;0;0;0;0;0;0;0;0;0;0;0;0;0;0;0;0;0;0;0;0;0;0;0;0;0;0;0;0;0;0;0;0;0;0;0;0;0;0;0;0;0;0;0;0;0;0;0
;7;0;0;0;0;0;0;6;2;0;0;0;9;0;6;0;0;0;0;0;0;0;0;29;43;0;74;0;3;0;0;0;0;0;0;0;6;0;0;0;0;0;0;0;0;0;0;0;0;0;0;0;0;0;0;0;0;0;0;0;0;0;0;0;0;0;0;0;0;0;0;0;0;0;0;0;0;0;0;0;0;0;0;0;0;0;0;0;0;0;0;0;0;0;0;0;0;0;0;0
;7;0;0;0;0;0;0;6;2;0;0;0;9;0;6;0;0;0;0;0;0;0;0;29;44;0;75;0;3;0;0;0;0;0;0;0;6;0;0;0;0;0;0;0;0;0;0;0;0;0;0;0;0;0;0;0;0;0;0;0;0;0;0;0;0;0;0;0;0;0;0;0;0;0;0;0;0;0;0;0;0;0;0;0;0;0;0;0;0;0;0;0;0;0;0;0;0;0;0;0
;7;0;0;0;0;0;0;6;2;0;0;0;9;0;6;0;0;0;0;0;0;0;0;29;44;0;75;0;3;0;0;0;0;0;0;0;6;0;0;0;0;0;0;0;0;0;0;0;0;0;0;0;0;0;0;0;0;0;0;0;0;0;0;0;0;0;0;0;0;0;0;0;0;0;0;0;0;0;0;0;0;0;0;0;0;0;0;0;0;0;0;0;0;0;0;0;0;0;0;0
;7;0;0;0;0;0;0;6;2;0;0;0;9;0;6;0;0;0;0;0;0;0;0;29;44;0;75;0;3;0;0;0;0;0;0;0;6;0;0;0;0;0;0;0;0;0;0;0;0;0;0;0;0;0;0;0;0;0;0;0;0;0;0;0;0;0;0;0;0;0;0;0;0;0;0;0;0;0;0;0;0;0;0;0;0;0;0;0;0;0;0;0;0;0;0;0;0;0;0;0
;7;0;0;0;0;0;0;6;2;0;0;0;9;0;6;0;0;0;0;0;0;0;0;29;44;0;75;0;3;0;0;0;0;0;0;0;6;0;0;0;0;0;0;0;0;0;0;0;0;0;0;0;0;0;0;0;0;0;0;0;0;0;0;0;0;0;0;0;0;0;0;0;0;0;0;0;0;0;0;0;0;0;0;0;0;0;0;0;0;0;0;0;0;0;0;0;0;0;0;0
;225;1;13;6;3;0;0;16;3;1;1;1;11;1;42;0;0;0;0;0;0;0;0;3;6;0;16;0;7;0;19;6;130;1;3;0;16;0;1;0;0;0;0;0;0;0;0;0;0;0;0;0;0;0;0;0;0;0;0;0;0;0;0;0;0;0;0;0;0;0;0;0;0;0;0;0;0;0;0;0;0;0;0;0;0;0;2;0;0;0;0;0;0;0;0;0;0;0;62;0
;215;1;14;4;1;0;0;16;3;1;1;2;11;2;22;0;0;0;0;0;0;0;0;3;6;0;16;0;4;0;18;5;124;1;3;0;16;0;1;0;0;0;0;0;0;0;0;0;0;0;0;0;0;0;0;0;0;0;0;0;0;0;0;0;0;0;0;0;0;0;0;0;0;0;0;0;0;0;0;0;0;0;0;0;0;0;2;0;0;0;0;0;0;0;0;0;0;0;18;0
;234;1;15;3;1;0;0;18;4;1;1;3;13;3;21;0;0;0;0;0;0;0;0;3;6;0;16;0;4;0;20;5;130;1;3;0;18;0;1;0;0;0;2;0;0;0;0;1;0;0;0;0;0;0;0;0;0;0;0;0;0;0;1;0;0;0;0;0;0;0;0;0;0;0;0;0;0;0;0;0;0;0;2;0;0;0;2;0;0;0;0;0;0;0;0;0;0;0;21;0
;319;1;19;3;7;0;0;35;7;2;2;7;20;7;21;0;0;0;0;0;0;0;0;3;6;0;16;0;5;0;33;6;186;1;4;0;35;0;1;0;0;0;3;0;0;0;0;1;0;0;0;0;0;0;0;0;0;0;0;0;0;0;1;0;0;0;0;0;0;0;0;0;0;0;0;0;0;0;0;0;0;0;2;0;0;0;2;0;0;0;0;0;0;0;0;0;0;0;24;0
;343;1;19;3;7;0;0;70;6;2;2;6;17;6;23;0;0;0;0;0;0;0;0;3;6;0;16;0;5;0;32;6;190;1;4;0;70;0;1;0;0;0;14;0;0;0;0;1;0;0;0;0;0;0;0;0;0;0;0;0;0;0;1;0;0;0;0;0;0;0;0;0;0;0;0;0;0;0;0;0;0;0;2;0;0;0;2;0;0;0;0;0;0;0;0;0;0;0;24;0
;334;1;18;3;8;0;0;67;5;2;2;6;16;6;23;0;0;0;0;0;0;0;0;3;6;0;16;0;4;0;29;6;182;1;4;0;67;0;1;0;0;0;14;0;0;0;0;1;0;0;0;0;0;0;0;0;0;0;0;0;0;0;1;0;0;0;0;0;0;0;0;0;0;0;0;0;0;0;0;0;0;0;2;0;0;0;2;0;0;0;0;0;0;0;0;0;0;0;25;0
;331;1;9;39;10;0;0;60;5;1;1;4;17;4;29;0;0;0;0;0;0;0;0;3;6;0;16;0;3;0;47;2;211;1;3;6;60;0;0;0;0;0;16;0;0;0;1;2;0;0;0;0;0;0;0;0;0;0;0;0;0;0;2;0;0;0;0;0;0;0;0;0;0;0;0;0;0;0;0;0;0;0;1;0;0;0;1;0;0;0;0;0;8;0;0;0;0;9;21;0
;337;1;10;40;9;0;0;70;5;1;1;4;17;4;33;0;0;0;0;0;0;0;0;3;6;0;16;0;4;0;48;2;221;1;3;6;70;0;0;0;0;0;15;0;0;0;1;2;0;0;0;0;0;0;0;0;0;0;0;0;0;0;1;0;0;0;0;0;0;0;0;0;0;0;0;0;0;0;0;0;0;0;1;0;0;0;1;0;0;0;0;0;9;0;0;0;0;10;1;0
;417;1;11;47;7;0;0;77;5;1;1;4;17;4;31;0;0;0;0;0;0;0;0;3;6;0;16;0;5;0;57;3;283;1;3;6;77;0;0;0;0;0;15;0;0;0;1;2;0;0;0;0;0;0;0;0;0;0;0;0;0;0;1;0;0;0;0;0;0;0;0;0;0;0;0;0;0;0;0;0;0;0;1;0;0;0;1;0;0;0;0;0;10;0;0;0;0;11;1;0
;415;1;11;44;9;0;0;67;5;1;1;4;18;4;20;0;0;0;0;0;0;0;0;3;6;0;16;0;5;0;54;4;274;1;3;6;67;0;0;0;0;0;14;0;0;0;1;2;0;0;0;0;0;0;0;0;0;0;0;0;0;0;1;0;0;0;0;0;0;0;0;0;0;0;0;0;0;0;0;0;0;0;1;0;0;0;1;0;0;0;0;0;10;0;0;0;0;10;0;0
;426;1;11;44;6;0;0;63;5;1;1;4;18;4;23;0;0;0;0;0;0;0;0;3;6;0;16;0;5;0;51;4;245;1;3;6;63;0;0;0;0;0;14;0;0;0;1;2;0;0;0;0;0;0;0;0;0;0;0;0;0;0;1;0;0;0;0;0;0;0;0;0;0;0;0;0;0;0;0;0;0;0;1;0;0;0;1;0;0;0;0;0;10;0;0;0;0;10;0;0
WIKIPEDIA;57;1;0;7;0;5;0;19;2;0;0;1;7;1;9;0;0;0;0;0;0;0;0;5;9;0;34;0;3;0;8;0;33;3;3;3;19;0;0;0;0;0;0;0;0;0;0;0;0;0;0;0;0;0;0;0;0;0;0;0;0;0;0;0;0;0;0;0;0;0;0;0;0;0;0;0;0;0;0;0;0;0;0;0;0;0;0;0;0;0;0;0;0;0;0;0;0;0;0;0
;85;1;0;7;0;5;0;18;2;0;0;1;7;1;10;0;0;0;0;0;0;0;0;5;9;0;34;0;3;0;7;0;35;3;3;3;18;0;0;0;0;0;0;0;0;0;0;0;0;0;0;0;0;0;0;0;0;0;0;0;0;0;0;0;0;0;0;0;0;0;0;0;0;0;0;0;0;0;0;0;0;0;0;0;0;0;0;0;0;0;0;0;0;0;0;0;0;0;0;0
;94;1;8;1;0;5;0;19;2;0;0;1;7;1;11;0;0;0;0;0;0;0;0;13;23;5;34;0;3;0;15;0;59;0;0;0;19;0;0;0;0;0;0;0;0;0;0;0;0;0;0;0;0;0;0;0;0;0;0;0;0;0;0;0;0;0;0;0;0;0;0;0;0;0;0;0;0;0;0;0;0;0;0;0;0;0;0;0;0;0;0;0;0;0;0;0;0;0;0;0
;69;1;8;1;0;6;0;20;2;0;0;1;7;1;12;0;0;0;0;0;0;0;0;14;26;5;52;0;3;0;16;0;93;0;0;0;20;0;0;0;0;0;0;0;0;0;0;0;0;0;0;0;0;0;0;0;0;0;0;0;0;0;0;0;0;0;0;0;0;0;0;0;0;0;0;0;0;0;0;0;0;0;0;0;0;0;0;0;0;0;0;0;0;0;0;0;0;0;0;0
;66;1;8;1;0;7;0;20;2;0;0;1;7;1;13;0;0;0;0;0;0;0;0;14;26;5;52;0;3;0;19;0;103;0;0;0;20;0;0;0;0;0;0;0;0;0;0;0;0;0;0;0;0;0;0;0;0;0;0;0;0;0;0;0;0;0;0;0;0;0;0;0;0;0;0;0;0;0;0;0;0;0;0;0;0;0;0;0;0;0;0;0;0;0;0;0;0;0;0;0
;66;1;8;1;0;7;0;20;2;0;0;1;7;1;18;0;0;0;0;0;0;0;0;14;26;5;52;0;3;0;18;0;108;0;0;0;20;0;0;0;0;0;0;0;0;0;0;0;0;0;0;0;0;0;0;0;0;0;0;0;0;0;0;0;0;0;0;0;0;0;0;0;0;0;0;0;0;0;0;0;0;0;0;0;0;0;0;0;0;0;0;0;0;0;0;0;0;0;0;0
;67;1;8;1;0;7;0;20;2;0;0;1;7;1;15;0;0;0;0;0;0;0;0;14;27;5;53;0;3;0;18;0;116;0;0;0;20;0;0;0;0;0;0;0;0;0;0;0;0;0;0;0;0;0;0;0;0;0;0;0;0;0;0;0;0;0;0;0;0;0;0;0;0;0;0;0;0;0;0;0;0;0;0;0;0;0;0;0;0;0;0;0;0;0;0;0;0;0;0;0
;87;1;8;1;0;7;0;20;2;0;0;1;7;1;17;0;0;0;0;0;0;0;0;14;26;5;53;0;5;0;18;0;122;0;0;0;20;0;0;0;0;0;0;0;0;0;0;0;0;0;0;0;0;0;0;0;0;0;0;0;0;0;0;0;0;0;0;0;0;0;0;0;0;0;0;0;0;0;0;0;0;0;0;0;0;0;0;0;0;0;0;0;0;0;0;0;0;0;0;0
;75;1;8;1;0;7;0;21;2;0;0;1;8;1;17;0;0;0;0;0;0;0;0;13;25;5;52;0;3;0;18;0;122;0;0;0;21;0;0;0;0;0;0;0;0;0;0;0;0;0;0;0;0;0;0;0;0;0;0;0;0;0;0;0;0;0;0;0;0;0;0;0;0;0;0;0;0;0;0;0;0;0;0;0;0;0;0;0;0;0;0;0;0;0;0;0;0;0;0;0
;74;1;8;1;0;7;0;22;2;0;0;1;8;1;21;0;0;0;0;0;0;0;0;13;25;5;52;0;4;0;15;0;110;0;0;0;22;0;0;0;0;0;0;0;0;0;0;0;0;0;0;0;0;0;0;0;0;0;0;0;0;0;0;0;0;0;0;0;0;0;0;0;0;0;0;0;0;0;0;0;0;0;0;0;0;0;0;0;0;0;0;0;0;0;0;0;0;0;0;0
;78;1;8;1;0;11;0;20;2;0;0;2;6;2;22;0;0;0;0;0;0;0;0;12;24;5;50;0;3;0;21;0;113;0;0;0;20;0;0;0;0;0;0;0;0;0;0;0;0;0;0;0;0;0;0;0;0;0;0;0;0;0;0;0;0;0;0;0;0;0;0;0;0;0;0;0;0;0;0;0;0;0;0;0;0;0;0;0;0;0;0;0;0;0;0;0;0;0;0;0
;73;1;8;0;0;11;0;21;2;0;0;1;6;1;22;0;0;0;0;0;0;0;0;12;25;5;50;0;1;0;21;0;114;0;0;0;21;0;0;0;0;0;0;0;0;0;0;0;0;0;0;0;0;0;0;0;0;0;0;0;0;0;0;0;0;0;0;0;0;0;0;0;0;0;0;0;0;0;0;0;0;0;0;0;0;0;0;0;0;0;0;0;0;0;0;0;0;0;0;0
;72;1;8;0;0;11;0;20;2;0;0;1;6;1;21;0;0;0;0;0;0;0;0;12;24;5;50;0;4;0;21;0;111;0;0;0;20;0;0;0;0;0;0;0;0;0;0;0;0;0;0;0;0;0;0;0;0;0;0;0;0;0;0;0;0;0;0;0;0;0;0;0;0;0;0;0;0;0;0;0;0;0;0;0;0;0;0;0;0;0;0;0;0;0;0;0;0;0;0;0
;71;1;8;0;0;11;0;21;2;0;0;1;6;1;17;0;0;0;0;0;0;0;0;12;24;5;50;0;2;0;22;0;113;0;0;0;21;0;0;0;0;0;0;0;0;0;0;0;0;0;0;0;0;0;0;0;0;0;0;0;0;0;0;0;0;0;0;0;0;0;0;0;0;0;0;0;0;0;0;0;0;0;0;0;0;0;0;0;0;0;0;0;0;0;0;0;0;0;0;0
;75;1;9;0;1;11;0;22;2;0;0;1;6;1;17;0;0;0;0;0;0;0;0;14;27;6;52;0;3;0;22;0;122;0;0;0;22;0;0;0;0;0;0;0;0;0;0;0;0;0;0;0;0;0;0;0;0;0;0;0;0;0;0;0;0;0;0;0;0;0;0;0;0;0;0;0;0;0;0;0;0;0;0;0;0;0;0;0;0;0;0;0;0;0;0;0;0;0;0;0
;71;1;9;12;0;0;0;20;2;0;0;1;6;1;18;0;0;0;0;0;0;0;0;12;24;5;50;0;3;0;22;0;117;0;0;0;20;0;0;0;0;1;0;0;0;0;0;1;0;0;0;0;0;0;0;0;0;0;0;0;0;0;1;0;0;0;0;0;0;0;10;0;0;0;0;0;0;0;0;0;0;0;1;0;0;0;0;0;0;0;0;0;0;0;0;0;0;0;0;0
;80;1;10;12;0;0;0;25;2;0;0;1;6;1;17;0;0;0;0;0;1;0;0;15;29;0;65;0;3;0;25;0;158;0;0;0;25;0;0;0;0;1;0;0;0;0;0;1;0;0;0;0;0;0;0;0;0;0;0;0;0;0;1;0;0;0;0;0;0;0;10;0;0;0;0;0;0;0;0;0;0;0;1;0;0;0;0;0;0;0;0;0;0;0;0;0;0;0;0;0
;75;1;9;12;0;0;0;24;2;0;0;1;6;1;16;0;0;0;0;0;0;0;0;12;25;0;61;0;3;0;25;0;164;0;0;0;24;0;0;0;0;1;0;0;0;0;0;1;0;0;0;0;0;0;0;0;0;0;0;0;0;0;1;0;0;0;0;0;0;0;10;0;0;0;0;0;0;0;0;0;0;0;1;0;0;0;0;0;0;0;0;0;0;0;0;0;0;0;10;0
;73;1;9;12;0;0;0;23;2;0;0;1;8;1;16;0;0;0;0;0;0;0;0;12;26;0;61;0;3;0;25;0;169;0;0;0;23;0;0;0;0;1;0;0;0;0;0;1;0;0;0;0;0;0;0;0;0;0;0;0;0;0;1;0;0;0;0;0;0;0;10;0;0;0;0;0;0;0;0;0;0;0;1;0;0;0;0;0;0;0;0;0;0;0;0;0;0;0;10;0
;74;1;9;11;0;0;0;23;2;0;0;1;8;1;17;0;0;0;0;0;0;0;0;12;26;0;61;0;2;0;25;0;164;0;0;0;23;0;0;0;0;1;0;0;0;0;0;1;0;0;0;0;0;0;0;0;0;0;0;0;0;0;1;0;0;0;0;0;0;0;10;0;0;0;0;0;0;0;0;0;0;0;1;0;0;0;0;0;0;0;0;0;0;0;0;0;0;0;10;0
;82;1;10;11;0;0;0;24;2;0;0;1;8;1;18;0;0;0;0;0;0;0;0;14;28;0;64;0;2;0;42;0;204;0;0;0;24;0;0;0;0;1;0;0;0;0;0;1;0;0;0;0;0;0;0;0;0;0;0;0;0;0;1;0;0;0;0;0;0;0;10;0;0;0;0;0;0;0;0;0;0;0;1;0;0;0;0;0;0;0;0;0;0;0;0;0;0;0;10;0
TWITTER;17;1;1;3;0;0;0;13;2;1;0;3;8;1;14;0;0;0;0;0;0;1;0;4;9;0;25;0;1;0;3;0;15;0;0;0;13;0;0;0;0;0;0;0;0;0;0;0;0;0;0;0;0;0;0;0;0;0;0;0;0;0;0;0;0;0;0;0;0;0;0;0;0;0;0;0;0;0;0;0;0;0;0;0;0;0;0;0;0;0;0;0;0;0;0;0;0;0;0;0
;17;1;1;3;0;0;0;13;2;1;0;3;8;1;14;0;0;0;0;0;0;1;0;4;9;0;25;0;1;0;3;0;15;0;0;0;13;0;0;0;0;0;0;0;0;0;0;0;0;0;0;0;0;0;0;0;0;0;0;0;0;0;0;0;0;0;0;0;0;0;0;0;0;0;0;0;0;0;0;0;0;0;0;0;0;0;0;0;0;0;0;0;0;0;0;0;0;0;0;0
;16;1;1;3;0;0;0;24;2;1;0;3;8;1;9;0;0;0;0;0;0;0;0;4;15;0;34;0;2;0;3;0;23;0;0;0;24;0;0;0;0;0;0;0;0;0;0;0;0;0;0;0;0;0;0;0;0;0;0;0;0;0;0;0;0;0;0;0;0;0;0;0;0;0;0;0;0;0;0;0;0;0;0;0;0;0;0;0;0;0;0;0;0;0;0;0;0;0;0;0
;15;1;1;1;0;0;0;7;2;1;1;3;8;3;12;0;0;0;0;0;0;0;0;3;6;0;16;0;2;0;4;0;19;0;0;0;7;0;0;0;0;0;0;0;0;0;0;0;0;0;0;0;0;0;0;0;0;0;0;0;0;0;0;0;0;0;0;0;0;0;0;0;0;0;0;0;0;0;0;0;0;0;0;0;0;0;0;0;0;0;0;0;0;0;0;0;0;0;0;0
;15;1;1;1;0;0;0;7;3;1;1;3;9;3;12;0;0;0;0;0;0;0;0;3;6;0;16;0;4;0;4;0;20;0;0;0;7;0;0;0;0;0;0;0;0;0;0;0;0;0;0;0;0;0;0;0;0;0;0;0;0;0;0;0;0;0;0;0;0;0;0;0;0;0;0;0;0;0;0;0;0;0;0;0;0;0;0;0;0;0;0;0;0;0;0;0;0;0;0;0
;33;1;1;1;0;0;0;7;3;1;1;3;9;3;17;0;0;0;0;0;0;0;0;3;6;0;16;0;2;0;4;0;21;0;0;0;7;0;0;0;0;0;0;0;0;0;0;0;0;0;0;0;0;0;0;0;0;0;0;0;0;0;0;0;0;0;0;0;0;0;0;0;0;0;0;0;0;0;0;0;0;0;0;0;0;0;0;0;0;0;0;0;0;0;0;0;0;0;0;0
;17;0;1;1;0;0;0;7;3;1;1;3;10;3;16;0;0;0;0;0;0;0;0;3;6;0;16;0;2;0;4;0;22;0;0;0;7;0;0;0;0;0;0;0;0;0;0;0;0;0;0;0;0;0;0;0;0;0;0;0;0;0;0;0;0;0;0;0;0;0;0;0;0;0;0;0;0;0;0;0;0;0;0;0;0;0;0;0;0;0;0;0;0;0;0;0;0;0;0;0
;34;1;3;2;0;0;0;8;4;1;0;5;14;5;15;0;0;0;0;0;0;0;0;3;6;0;16;0;1;0;7;2;68;0;0;0;8;0;0;0;0;0;0;0;0;0;0;0;0;0;0;0;0;0;0;0;0;0;0;0;0;0;0;0;0;0;0;0;0;0;0;0;0;0;0;0;0;0;0;0;0;0;0;0;0;0;0;0;0;0;0;0;0;0;0;0;0;0;0;0
;242;0;4;4;1;0;0;50;4;1;0;4;16;4;19;0;0;0;0;0;0;0;0;3;6;0;16;0;5;0;6;2;92;0;0;0;50;0;0;0;0;0;0;0;0;0;0;0;0;0;0;0;0;0;0;0;0;0;0;0;0;0;0;0;0;0;0;0;0;0;0;0;0;0;0;0;0;0;0;0;0;0;0;0;0;0;0;0;0;0;0;0;0;0;0;0;0;0;0;0
;219;0;5;4;1;0;0;47;4;0;0;3;17;3;20;0;0;0;0;0;0;0;0;3;6;0;16;0;5;0;6;2;92;0;0;0;47;0;0;0;0;0;0;0;0;0;0;0;0;0;0;0;0;0;0;0;0;0;0;0;0;0;0;0;0;0;0;0;0;0;0;0;0;0;0;0;0;0;0;0;0;0;0;0;0;0;0;0;0;0;0;0;0;0;0;0;0;0;0;0
;58;1;1;2;0;0;0;34;8;4;0;4;25;4;20;0;0;0;0;0;0;0;0;3;6;0;16;0;1;0;5;0;44;0;0;0;34;0;0;0;0;0;0;0;0;0;0;0;0;0;0;0;0;0;0;0;0;0;0;0;0;0;0;0;0;0;0;0;0;0;0;0;0;0;0;0;0;0;0;0;0;0;0;0;0;0;0;0;0;0;0;0;0;0;0;0;0;0;0;0
;45;1;1;1;0;0;0;4;5;4;0;4;20;4;18;0;0;0;0;0;0;0;0;3;6;0;16;0;1;0;2;0;14;0;0;0;4;0;0;0;0;0;0;0;0;0;0;0;0;0;0;0;0;0;0;0;0;0;0;0;0;0;0;0;0;0;0;0;0;0;0;0;0;0;0;0;0;0;0;0;0;0;0;0;0;0;0;0;0;0;0;0;0;0;0;0;0;0;0;0
;35;1;1;0;0;0;0;4;6;2;0;4;27;4;18;0;0;0;0;0;0;0;0;4;7;0;18;0;2;0;6;0;47;0;0;0;4;0;0;0;0;0;0;0;0;0;0;0;0;0;0;0;0;0;0;0;0;0;0;0;0;0;0;0;0;0;0;0;0;0;0;0;0;0;0;0;0;0;0;0;0;0;0;0;0;0;0;0;0;0;0;0;0;0;0;0;0;0;0;0
;150;1;4;13;0;0;0;9;10;4;0;17;50;13;12;0;0;0;0;0;0;0;0;6;27;3;64;0;1;0;12;0;63;0;0;0;9;0;0;0;0;0;0;0;0;0;0;0;0;0;0;0;0;0;0;0;0;0;0;0;0;0;0;0;0;0;0;0;0;0;0;0;0;0;0;0;0;0;0;0;0;0;0;0;0;0;0;0;0;0;0;0;0;0;0;0;0;0;0;0
;187;1;5;17;0;0;0;8;11;4;0;19;51;15;11;0;0;0;0;0;0;0;0;6;27;3;64;0;1;0;18;0;74;0;0;0;8;0;0;0;0;0;0;0;0;0;0;0;0;0;0;0;0;0;0;0;0;0;0;0;0;0;0;0;0;0;0;0;0;0;0;0;0;0;0;0;0;0;0;0;0;0;0;0;0;0;0;0;0;0;0;0;0;0;0;0;0;0;0;0
;197;1;4;18;0;0;0;6;11;5;2;14;51;10;11;0;0;0;0;0;0;0;0;6;27;3;64;0;1;0;17;0;69;0;0;0;6;0;0;0;0;0;0;0;0;0;0;0;0;0;0;0;0;0;0;0;0;0;0;0;0;0;0;0;0;2;0;0;0;0;0;0;0;24;0;0;0;0;0;0;0;0;1;0;0;0;0;0;0;0;0;0;0;0;0;0;0;1;0;2
;184;1;3;15;0;0;0;8;8;1;1;7;41;6;12;0;0;0;0;0;0;0;0;5;19;3;48;0;1;0;13;0;60;0;0;0;8;0;0;0;0;0;1;0;0;0;0;0;0;0;0;0;0;0;0;0;0;0;0;1;0;0;0;0;0;0;0;0;0;0;0;0;8;21;0;0;0;0;0;0;0;0;0;0;0;0;0;0;0;0;0;0;0;0;0;0;0;1;0;1
;214;1;3;18;1;0;0;8;9;2;2;11;48;10;11;0;0;0;0;0;0;0;0;5;19;3;48;0;1;0;14;0;65;0;0;0;8;0;0;0;0;0;1;0;0;0;0;0;0;0;0;0;0;0;0;0;0;0;0;1;0;0;0;0;0;0;0;0;0;0;0;0;8;22;0;0;0;0;0;0;0;0;0;0;0;0;0;0;0;0;0;0;0;0;0;0;0;1;0;1
;379;0;3;24;1;0;0;65;7;1;1;9;31;8;14;0;0;0;0;0;0;0;0;4;18;3;46;0;1;0;49;0;184;0;0;0;65;0;0;0;0;0;3;0;0;0;0;0;0;0;0;0;0;0;0;0;0;0;0;3;0;0;1;0;0;0;0;0;0;0;0;0;19;50;0;0;0;0;0;0;0;0;1;0;0;0;0;0;0;0;1;0;0;0;0;0;0;1;2;2
LIVE;21;0;0;0;0;0;0;7;2;0;0;2;8;2;10;0;0;0;0;0;0;0;0;3;6;0;16;0;1;0;3;0;9;0;0;0;7;0;0;0;0;0;0;0;0;0;0;0;0;0;0;0;0;0;0;0;0;0;0;0;0;0;0;0;0;0;0;0;0;0;0;0;0;0;0;0;0;0;0;0;0;0;0;0;0;0;0;0;0;0;0;0;0;0;0;0;0;0;0;0
;22;1;0;0;0;0;0;9;2;0;0;2;8;2;10;0;0;0;0;0;0;0;0;3;6;0;16;0;1;0;1;0;5;0;0;0;9;0;0;0;0;0;0;0;0;0;0;0;0;0;0;0;0;0;0;0;0;0;0;0;0;0;0;0;0;0;0;0;0;0;0;0;0;0;0;0;0;0;0;0;0;0;0;0;0;0;0;0;0;0;0;0;0;0;0;0;0;0;0;0
;13;0;0;1;0;0;0;5;2;0;0;0;9;0;9;0;0;0;0;0;0;0;0;4;7;1;18;0;1;0;8;0;36;0;0;0;5;0;0;0;0;0;0;0;0;0;0;0;0;0;0;0;0;0;0;0;0;0;0;0;0;0;0;0;0;0;0;0;0;0;0;0;0;0;0;0;0;0;0;0;0;0;0;0;0;0;0;0;0;0;0;0;0;0;0;0;0;0;0;0
;30;0;0;0;0;0;0;5;2;0;0;0;7;0;9;0;0;0;0;0;0;0;0;5;8;0;18;0;3;0;7;0;29;0;0;0;5;0;0;0;0;0;0;0;0;0;0;0;0;0;0;0;0;0;0;0;0;0;0;0;0;0;0;0;0;0;0;0;0;0;0;0;0;0;0;0;0;0;0;0;0;0;0;0;0;0;0;0;0;0;0;0;0;0;0;0;0;0;0;0
;35;0;0;0;0;0;0;4;2;0;0;0;7;0;11;0;0;0;0;0;0;0;0;5;8;0;18;0;2;0;7;0;31;0;0;0;4;0;0;0;0;0;0;0;0;0;0;0;0;0;0;0;0;0;0;0;0;0;0;0;0;0;0;0;0;0;0;0;0;0;0;0;0;0;0;0;0;0;0;0;0;0;0;0;0;0;0;0;0;0;0;0;0;0;0;0;0;0;0;0
;47;0;1;3;0;0;0;0;1;0;0;0;3;0;16;0;0;0;0;0;0;0;0;1;1;0;1;0;2;0;6;0;28;0;0;0;0;0;0;0;0;0;0;0;0;0;0;0;0;0;0;0;0;0;0;0;0;0;0;0;0;0;0;0;0;0;0;0;0;0;0;0;0;0;0;0;0;0;0;0;0;0;0;0;0;0;0;0;0;0;0;0;0;0;0;0;0;0;0;0
;66;0;1;3;0;0;0;4;2;0;0;0;7;0;20;0;0;0;0;0;0;0;0;4;7;0;17;0;3;0;5;0;24;0;0;0;4;0;0;0;0;0;0;0;0;0;0;0;0;0;0;0;0;0;0;0;0;0;0;0;0;0;0;0;0;0;0;0;0;0;0;0;0;0;0;0;0;0;0;0;0;0;0;0;0;0;0;0;0;0;0;0;0;0;0;0;0;0;0;0
;16;0;0;0;0;0;0;6;2;0;0;5;10;5;12;0;0;0;0;0;0;0;0;30;56;0;90;0;3;0;1;0;3;0;0;0;6;0;0;0;0;0;0;0;0;0;0;0;0;0;0;0;0;0;0;0;0;0;0;0;0;0;0;0;0;0;0;0;0;0;0;0;0;0;0;0;0;0;0;0;0;0;0;0;0;0;0;0;0;0;0;0;0;0;0;0;0;0;0;0
;16;0;0;0;0;0;0;9;2;0;0;5;10;5;13;0;0;0;0;0;0;0;0;31;60;0;96;0;3;0;0;0;0;0;0;0;9;0;0;0;0;0;0;0;0;0;0;0;0;0;0;0;0;0;0;0;0;0;0;0;0;0;0;0;0;0;0;0;0;0;0;0;0;0;0;0;0;0;0;0;0;0;0;0;0;0;0;0;0;0;0;0;0;0;0;0;0;0;0;0
;17;1;0;1;0;0;0;9;2;0;0;5;10;5;13;0;0;0;0;0;0;0;0;31;57;0;91;0;3;0;0;0;0;0;0;0;9;0;0;0;0;0;0;0;0;0;0;0;0;0;0;0;0;0;0;0;0;0;0;0;0;0;0;0;0;0;0;0;0;0;0;0;0;0;0;0;0;0;0;0;0;0;0;0;0;0;0;0;0;0;0;0;0;0;0;0;0;0;0;0
;22;0;0;0;0;0;0;9;2;0;0;4;9;4;14;0;0;0;0;0;0;0;0;29;54;0;84;0;3;0;1;0;3;0;0;0;9;0;0;0;0;0;0;0;0;0;0;0;0;0;0;0;0;0;0;0;0;0;0;0;0;0;0;0;0;0;0;0;0;0;0;0;0;0;0;0;0;0;0;0;0;0;0;0;0;0;0;0;0;0;0;0;0;0;0;0;0;0;0;0
;22;0;0;0;0;0;0;9;2;0;0;4;9;4;15;0;0;0;0;0;0;0;0;29;54;0;84;0;3;0;1;0;3;0;0;0;9;0;0;0;0;0;0;0;0;0;0;0;0;0;0;0;0;0;0;0;0;0;0;0;0;0;0;0;0;0;0;0;0;0;0;0;0;0;0;0;0;0;0;0;0;0;0;0;0;0;0;0;0;0;0;0;0;0;0;0;0;0;0;0
;45;0;0;0;0;0;0;5;2;0;0;1;8;1;14;0;0;0;0;0;0;0;0;6;9;0;31;0;4;0;0;0;0;0;0;0;5;0;0;0;0;0;0;0;0;0;0;0;0;0;0;0;0;0;0;0;0;0;0;0;0;0;0;0;0;0;0;0;0;0;0;0;0;0;0;0;0;0;0;0;0;0;0;0;0;0;0;0;0;0;0;0;0;0;0;0;0;0;0;0
;47;0;0;0;0;0;0;5;2;0;0;1;8;1;14;0;0;0;0;0;0;0;0;6;9;0;31;0;4;0;0;0;0;0;0;0;5;0;0;0;0;0;0;0;0;0;0;0;0;0;0;0;0;0;0;0;0;0;0;0;0;0;0;0;0;0;0;0;0;0;0;0;0;0;0;0;0;0;0;0;0;0;0;0;0;0;0;0;0;0;0;0;0;0;0;0;0;0;2;0
;49;0;0;0;0;0;0;5;2;0;0;1;8;1;15;0;0;0;0;0;0;0;0;6;9;0;31;0;4;0;0;0;0;0;0;0;5;0;0;0;0;0;0;0;0;0;0;0;0;0;0;0;0;0;0;0;0;0;0;0;0;0;0;0;0;0;0;0;0;0;0;0;0;0;0;0;0;0;0;0;0;0;0;0;0;0;0;0;0;0;0;0;0;0;0;0;0;0;2;0
;50;0;0;0;0;0;0;5;2;0;0;1;8;1;15;0;0;0;0;0;0;0;0;5;8;0;30;0;4;0;0;0;0;0;0;0;5;0;0;0;0;0;0;0;0;0;0;0;0;0;0;0;0;0;0;0;0;0;0;0;0;0;0;0;0;0;0;0;0;0;0;0;0;0;0;0;0;0;0;0;0;0;0;0;0;0;0;0;0;0;0;0;0;0;0;0;0;0;2;0
;50;0;0;0;0;0;0;5;2;0;0;1;8;1;14;0;0;0;0;0;0;0;0;5;8;0;33;0;4;0;0;0;0;0;0;0;5;0;0;0;0;0;0;0;0;0;0;0;0;0;0;0;0;0;0;0;0;0;0;0;0;0;0;0;0;0;0;0;0;0;0;0;0;0;0;0;0;0;0;0;0;0;0;0;0;0;0;0;0;0;0;0;0;0;0;0;0;0;2;0
;50;0;0;0;0;0;0;5;2;0;0;1;8;1;14;0;0;0;0;0;0;0;0;5;8;0;33;0;4;0;0;0;0;0;0;0;5;0;0;0;0;0;0;0;0;0;0;0;0;0;0;0;0;0;0;0;0;0;0;0;0;0;0;0;0;0;0;0;0;0;0;0;0;0;0;0;0;0;0;0;0;0;0;0;0;0;0;0;0;0;0;0;0;0;0;0;0;0;2;2
SINA;20;0;0;0;0;0;0;52;3;0;0;0;19;0;37;0;0;0;0;0;0;6;0;165;339;3;676;0;4;0;0;0;0;0;0;0;52;0;0;0;0;0;0;0;0;0;0;0;0;0;0;0;0;0;0;0;0;0;0;0;0;0;0;0;0;0;0;0;0;0;0;0;0;0;0;0;0;0;0;0;0;0;0;0;0;0;0;0;0;0;0;0;0;0;0;0;0;0;0;0
;16;0;0;0;0;0;0;49;3;0;0;0;21;0;43;0;0;0;0;0;0;7;0;180;372;3;728;0;6;0;0;0;0;0;0;0;49;0;0;0;0;0;0;0;0;0;0;0;0;0;0;0;0;0;0;0;0;0;0;0;0;0;0;0;0;0;0;0;0;0;0;0;0;0;0;0;0;0;0;0;0;0;0;0;0;0;0;0;0;0;0;0;0;0;0;0;0;0;0;0
;25;0;0;0;0;0;0;63;4;0;0;0;26;0;39;0;0;0;0;0;0;2;0;175;363;3;720;0;3;0;0;0;0;0;0;0;63;0;0;0;0;0;0;0;0;0;0;0;0;0;0;0;0;0;0;0;0;0;0;0;0;0;0;0;0;0;0;0;0;0;0;0;0;0;0;0;0;0;0;0;0;0;0;0;0;0;0;0;0;0;0;0;0;0;0;0;0;0;0;0
;96;0;0;0;0;0;0;125;13;0;0;0;50;0;82;0;0;0;0;0;0;18;0;430;888;0;1546;0;10;0;0;0;0;0;0;0;125;0;0;0;0;0;0;0;0;0;0;0;0;0;0;0;0;0;0;0;0;0;0;0;0;0;0;0;0;0;0;0;0;0;0;0;0;0;0;0;0;0;0;0;0;0;0;0;0;0;0;0;0;0;0;0;0;0;0;0;0;0;0;0
;98;0;0;1;0;0;0;131;15;0;0;1;62;1;73;0;0;0;0;0;0;12;0;438;888;0;1555;0;14;0;0;0;0;0;0;0;131;0;0;0;0;0;0;0;0;0;0;0;0;0;0;0;0;0;0;0;0;0;0;0;0;0;0;0;0;0;0;0;0;0;0;0;0;0;0;0;0;0;0;0;0;0;0;0;0;0;0;0;0;0;0;0;0;0;0;0;0;0;0;0
;119;0;0;1;0;0;0;135;15;0;0;1;63;1;98;0;0;0;0;0;0;18;0;446;1054;0;1819;0;19;0;0;0;0;0;0;0;135;0;0;0;0;0;0;0;0;0;0;0;0;0;0;0;0;0;0;0;0;0;0;0;0;0;0;0;0;0;0;0;0;0;0;0;0;0;0;0;0;0;0;0;0;0;0;0;0;0;0;0;0;0;0;0;0;0;0;0;0;0;0;0
;758;3;99;7;30;0;0;225;10;2;2;50;36;50;109;0;0;0;0;0;0;17;0;6;12;0;50;0;12;0;211;3;1106;0;0;0;225;0;0;0;0;0;0;0;0;0;0;0;0;0;0;0;0;0;0;0;0;0;0;0;0;0;0;0;0;0;0;0;0;0;0;0;0;0;0;0;0;0;0;0;0;0;0;0;0;0;0;0;0;0;0;0;0;0;0;0;0;0;0;0
;409;1;23;0;1;0;0;61;11;6;1;2;43;2;89;0;0;0;0;0;0;3;0;5;8;0;28;0;9;0;143;0;721;0;0;0;61;0;0;0;0;0;0;0;0;0;0;0;0;0;0;0;0;0;0;0;0;0;0;0;0;0;0;0;0;0;0;0;0;0;0;0;0;0;0;0;0;0;0;0;0;0;0;0;0;0;0;0;0;0;0;0;0;0;0;0;0;0;0;0
;403;1;23;0;1;0;0;61;12;6;1;2;41;2;97;0;0;0;0;0;0;3;0;5;8;0;30;0;9;0;141;0;703;0;0;0;61;0;0;0;0;0;0;0;0;0;0;0;0;0;0;0;0;0;0;0;0;0;0;0;0;0;0;0;0;0;0;0;0;0;0;0;0;0;0;0;0;0;0;0;0;0;0;0;0;0;0;0;0;0;0;0;0;0;0;0;0;0;0;0
;423;1;21;0;1;0;0;74;11;6;1;2;38;2;93;0;0;0;0;0;0;4;0;5;8;0;30;0;11;0;140;0;689;0;0;0;74;0;0;0;0;0;0;0;0;0;0;0;0;0;0;0;0;0;0;0;0;0;0;0;0;0;0;0;0;0;0;0;0;0;0;0;0;0;0;0;0;0;0;0;0;0;0;0;0;0;0;0;0;0;0;0;0;0;0;0;0;0;0;0
;443;1;23;0;1;0;0;78;11;6;1;2;44;2;103;0;0;0;0;0;0;4;0;5;8;0;30;0;18;0;147;0;724;0;0;0;78;0;0;0;0;0;0;0;0;0;0;0;0;0;0;0;0;0;0;0;0;0;0;0;0;0;0;0;0;0;0;0;0;0;0;0;0;0;0;0;0;0;0;0;0;0;0;0;0;0;0;0;0;0;0;0;0;0;0;0;0;0;0;0
;401;1;22;0;1;0;0;67;6;1;1;2;37;2;120;0;0;0;0;0;0;3;0;5;10;0;42;0;15;0;141;0;705;0;0;0;67;0;0;0;0;0;0;0;0;0;0;0;0;0;0;0;0;0;0;0;0;0;0;0;0;0;0;0;0;0;0;0;0;0;0;0;0;0;0;0;0;0;0;0;0;0;0;0;0;0;0;0;0;0;0;0;0;0;0;0;0;0;0;0
;455;1;25;0;1;0;0;60;7;1;1;2;40;2;118;0;0;0;0;0;0;8;0;4;7;0;29;0;15;0;141;0;711;0;0;0;60;0;0;0;0;0;0;0;0;0;0;0;0;0;0;0;0;0;0;0;0;0;0;0;0;0;0;0;0;0;0;0;0;0;0;0;0;0;0;0;0;0;0;0;0;0;0;0;0;0;0;0;0;0;0;0;0;0;0;0;0;0;0;0
;494;1;25;0;2;0;0;73;6;1;1;2;33;2;123;0;0;0;0;0;0;9;0;5;10;0;44;0;14;0;160;0;780;0;0;0;73;0;0;0;0;0;0;0;0;0;0;0;0;0;0;0;0;0;0;0;0;0;0;0;0;0;0;0;0;0;0;0;0;0;0;0;0;0;0;0;0;0;0;0;0;0;0;0;0;0;0;0;0;0;0;0;0;0;0;0;0;0;0;0
;523;1;25;0;1;0;0;84;5;1;1;2;28;2;117;0;0;0;0;0;0;4;0;5;10;0;44;0;21;0;154;0;724;0;0;0;84;0;0;0;0;0;0;0;0;0;0;0;0;0;0;0;0;0;0;0;0;0;0;0;0;0;0;0;0;0;0;0;0;0;0;0;0;0;0;0;0;0;0;0;0;0;0;0;0;0;0;0;0;0;0;0;0;0;0;0;0;0;0;0
;566;1;27;0;1;0;0;90;5;1;1;2;29;2;114;0;0;0;0;0;0;2;0;4;7;0;31;0;25;0;168;0;767;0;0;0;90;0;0;0;0;0;0;0;0;0;0;0;0;0;0;0;0;0;0;0;0;0;0;0;0;0;0;0;0;0;0;0;0;0;0;0;0;0;0;0;0;0;0;0;0;0;0;0;0;0;0;0;0;0;0;0;0;0;0;0;0;0;0;0
;622;0;0;16;0;0;0;111;11;0;0;1;36;1;108;0;0;0;0;0;0;2;0;5;14;3;28;0;7;0;128;0;619;0;0;0;111;0;0;0;0;0;0;0;0;0;0;0;0;0;0;0;0;0;0;0;0;0;0;0;0;0;0;0;0;0;0;0;0;0;0;0;0;0;0;0;0;0;0;0;0;0;0;0;0;0;0;0;0;0;0;0;0;0;0;0;0;0;0;0
;677;0;0;14;0;0;0;115;11;0;0;1;35;1;142;0;0;0;0;0;0;0;0;5;14;3;28;0;10;0;122;0;578;0;0;0;115;0;0;0;0;0;0;0;0;0;0;0;0;0;0;0;0;0;0;0;0;0;0;0;0;0;0;0;0;0;0;0;0;0;0;0;0;0;0;0;0;0;0;0;0;0;0;0;0;0;0;0;0;0;0;0;0;0;0;0;0;0;0;0
;725;0;0;14;0;0;0;123;11;0;0;1;33;1;122;0;0;0;0;0;0;0;0;5;14;3;28;0;11;0;137;0;639;0;0;0;123;0;0;0;0;0;0;0;0;0;0;0;0;0;0;0;0;0;0;0;0;0;0;0;0;0;0;0;0;0;0;0;0;0;0;0;0;0;0;0;0;0;0;0;0;0;0;0;0;0;0;0;0;0;0;0;0;0;0;0;0;0;0;0
;723;0;0;14;0;0;0;127;11;0;0;1;36;1;126;0;0;0;0;0;0;0;0;5;14;3;28;0;10;0;150;0;695;0;0;0;127;0;0;0;0;0;0;0;0;0;0;0;0;0;0;0;0;0;0;0;0;0;0;0;0;0;0;0;0;0;0;0;0;0;0;0;0;0;0;0;0;0;0;0;0;0;0;0;0;0;0;0;0;0;0;0;0;0;0;0;0;0;0;0
;826;0;0;18;0;0;0;159;13;0;0;1;41;1;122;0;0;0;0;0;0;0;0;5;14;3;28;0;12;0;155;0;742;0;0;0;159;0;0;0;0;0;0;0;0;0;0;0;0;0;0;0;0;0;0;0;0;0;0;0;0;0;0;0;0;0;0;0;0;0;0;0;0;0;0;0;0;0;0;0;0;0;0;0;0;0;0;0;0;0;0;0;0;0;0;0;0;0;0;0
EBAY;9;0;0;0;0;0;0;98;6;0;0;0;16;0;32;0;0;0;0;0;0;0;0;21;77;0;136;0;2;0;0;0;0;0;0;0;98;0;0;0;0;0;0;0;0;0;0;0;0;0;0;0;0;0;0;0;0;0;0;0;0;0;0;0;0;0;0;0;0;0;0;0;0;0;0;0;0;0;0;0;0;0;0;0;0;0;0;0;0;0;0;0;0;0;0;0;0;0;0;0
;10;0;0;0;0;0;0;132;5;0;0;0;14;0;37;0;0;0;0;0;0;0;0;27;111;0;192;0;2;0;0;0;0;0;0;0;132;0;0;0;0;0;0;0;0;0;0;0;0;0;0;0;0;0;0;0;0;0;0;0;0;0;0;0;0;0;0;0;0;0;0;0;0;0;0;0;0;0;0;0;0;0;0;0;0;0;0;0;0;0;0;0;0;0;0;0;0;0;0;0
;13;0;0;0;0;0;0;127;4;0;0;0;13;0;35;0;0;0;0;0;0;0;0;25;107;0;185;0;3;0;0;0;0;0;0;0;127;0;0;0;0;0;0;0;0;0;0;0;0;0;0;0;0;0;0;0;0;0;0;0;0;0;0;0;0;0;0;0;0;0;0;0;0;0;0;0;0;0;0;0;0;0;0;0;0;0;0;0;0;0;0;0;0;0;0;0;0;0;0;0
;13;0;0;0;0;0;0;132;4;0;0;0;13;0;38;0;0;0;0;0;0;0;0;26;109;0;189;0;3;0;0;0;0;0;0;0;132;0;0;0;0;0;0;0;0;0;0;0;0;0;0;0;0;0;0;0;0;0;0;0;0;0;0;0;0;0;0;0;0;0;0;0;0;0;0;0;0;0;0;0;0;0;0;0;0;0;0;0;0;0;0;0;0;0;0;0;0;0;0;0
;32;0;0;0;0;0;0;105;3;0;0;0;9;0;39;0;0;0;0;0;0;0;0;27;101;0;178;0;4;0;0;0;0;0;0;0;105;0;0;0;0;0;0;0;0;0;0;0;0;0;0;0;0;0;0;0;0;0;0;0;0;0;0;0;0;0;0;0;0;0;0;0;0;0;0;0;0;0;0;0;0;0;0;0;0;0;0;0;0;0;0;0;0;0;0;0;0;0;0;0
;179;0;0;0;0;0;0;15;3;0;0;0;9;0;27;0;0;0;0;0;0;0;0;17;30;0;67;0;4;0;2;0;6;0;0;0;15;0;0;0;0;0;0;0;0;0;0;0;0;0;0;0;0;0;0;0;0;0;0;0;0;0;0;0;0;0;0;0;0;0;0;0;0;0;0;0;0;0;0;0;0;0;0;0;0;0;0;0;0;0;0;0;0;0;0;0;0;0;0;0
;168;0;0;0;0;0;0;13;2;0;0;0;8;0;28;0;0;0;0;0;0;0;0;16;25;0;62;0;3;0;2;0;6;0;0;0;13;0;0;0;0;0;0;0;0;0;0;0;0;0;0;0;0;0;0;0;0;0;0;0;0;0;0;0;0;0;0;0;0;0;0;0;0;0;0;0;0;0;0;0;0;0;0;0;0;0;0;0;0;0;0;0;0;0;0;0;0;0;0;0
;188;0;0;0;0;0;0;14;2;0;0;0;9;0;27;0;0;0;0;0;0;0;0;16;25;0;65;0;4;0;2;0;6;0;0;0;14;0;0;0;0;0;0;0;0;0;0;0;0;0;0;0;0;0;0;0;0;0;0;0;0;0;0;0;0;0;0;0;0;0;0;0;0;0;0;0;0;0;0;0;0;0;0;0;0;0;0;0;0;0;0;0;0;0;0;0;0;0;0;0
;187;0;0;0;0;0;0;13;2;0;0;0;9;0;31;0;0;0;0;0;0;0;0;16;25;0;67;0;3;0;2;0;6;0;0;0;13;0;0;0;0;0;0;0;0;0;0;0;0;0;0;0;0;0;0;0;0;0;0;0;0;0;0;0;0;0;0;0;0;0;0;0;0;0;0;0;0;0;0;0;0;0;0;0;0;0;0;0;0;0;0;0;0;0;0;0;0;0;0;0
;176;0;0;0;0;0;0;10;2;0;0;0;9;0;28;0;0;0;0;0;0;0;0;17;27;0;67;0;2;0;0;0;0;0;0;0;10;0;0;0;0;0;0;0;0;0;0;0;0;0;0;0;0;0;0;0;0;0;0;0;0;0;0;0;0;0;0;0;0;0;0;0;0;0;0;0;0;0;0;0;0;0;0;0;0;0;0;0;0;0;0;0;0;0;0;0;0;0;0;0
;203;1;1;37;0;0;0;10;2;0;0;2;9;1;28;0;0;0;0;0;0;0;0;11;22;0;45;0;3;0;0;0;0;0;0;0;10;0;0;0;0;0;0;0;0;0;0;0;0;0;0;0;0;0;0;0;0;0;0;0;0;0;0;0;0;0;0;0;0;0;0;0;0;0;0;0;0;0;0;0;0;0;0;0;0;0;0;0;0;0;0;0;0;0;0;0;0;0;0;0
;393;1;24;0;0;0;0;40;2;0;0;2;9;1;17;0;0;0;0;0;0;0;0;20;91;0;185;0;7;0;1;0;4;0;0;0;40;0;0;0;0;0;0;0;0;0;0;0;0;0;0;0;0;0;0;0;0;0;0;0;0;0;0;0;0;15;0;0;0;0;1;0;0;0;0;0;0;0;0;0;0;0;0;0;0;0;0;0;0;0;0;0;0;0;0;0;0;0;0;0
;133;1;22;1;0;0;0;23;3;0;0;2;10;1;18;0;0;0;0;0;0;0;0;7;17;0;33;0;5;0;19;0;132;1;5;1;23;0;0;0;0;0;0;0;0;0;0;0;0;0;0;0;0;0;0;0;0;0;0;0;0;0;0;0;0;8;0;0;0;0;1;0;0;0;0;0;0;0;0;0;0;0;0;0;0;0;0;0;0;0;0;0;0;0;0;0;0;0;0;0
;171;1;25;2;0;0;0;49;3;0;0;2;10;1;22;0;0;0;0;0;0;0;0;9;16;0;35;0;5;0;21;0;190;0;0;0;49;0;0;0;0;0;0;0;0;0;0;0;0;0;0;0;0;0;0;0;0;0;0;0;0;0;0;0;0;8;0;0;0;0;1;0;0;0;0;0;0;0;0;0;0;0;0;0;0;0;0;0;0;0;0;0;0;0;0;0;0;0;0;0
;131;1;25;2;0;0;0;43;3;0;0;0;8;0;20;0;0;0;0;0;0;0;0;8;15;0;35;0;1;0;21;0;198;0;0;0;43;0;0;0;0;0;0;0;0;0;0;0;0;0;0;0;0;0;0;0;0;0;0;0;0;0;0;0;0;8;0;0;0;0;1;0;0;0;0;0;0;0;0;0;0;0;0;0;0;0;0;0;0;0;0;0;0;0;0;0;0;0;0;0
;105;1;15;2;9;0;0;32;3;0;0;1;9;1;20;0;0;0;0;0;0;0;0;9;15;0;37;0;2;0;23;0;200;0;0;0;32;0;0;0;0;0;0;0;0;0;0;0;0;0;0;0;0;0;0;0;0;0;0;0;0;0;0;0;0;9;0;0;0;0;1;0;0;0;0;0;0;0;0;0;0;0;0;0;0;0;0;0;0;0;0;0;0;0;0;0;0;0;0;0
;273;1;0;2;10;0;0;62;3;0;0;2;9;1;13;0;0;0;0;0;0;0;0;7;10;0;29;0;1;0;27;0;167;0;0;0;62;0;0;0;0;0;0;0;0;0;0;0;0;0;1;0;0;0;0;0;0;0;0;0;0;0;0;0;0;8;1;0;0;0;0;0;0;0;0;0;0;0;0;0;0;0;0;0;0;0;0;0;0;0;0;0;0;0;0;0;0;0;1;0
;496;1;22;21;0;0;0;188;2;0;0;1;9;1;18;0;0;0;0;0;0;0;0;8;12;0;31;0;2;0;26;0;173;0;0;0;188;0;1;0;0;0;0;0;0;0;0;0;0;0;0;0;0;0;0;0;0;0;0;0;0;0;0;0;0;8;1;0;0;0;0;0;0;0;0;0;0;0;0;0;0;0;0;0;0;0;0;0;0;0;0;0;0;0;0;0;0;0;1;0
;690;1;58;57;0;0;0;203;2;0;0;1;8;1;12;0;0;0;0;0;0;0;0;9;14;0;45;0;2;0;51;0;227;0;0;0;203;0;0;0;0;0;0;0;0;0;0;0;0;1;0;0;0;0;0;0;0;0;0;0;0;0;0;0;0;0;0;0;0;0;0;0;0;0;0;0;0;0;0;0;0;0;0;0;0;0;0;0;0;0;0;0;0;0;0;0;0;0;1;0
;533;1;40;38;0;0;0;173;2;0;0;1;8;1;15;0;0;0;0;0;0;0;0;9;14;0;45;0;2;0;55;0;268;0;0;0;173;0;0;0;0;0;4;0;0;0;0;0;0;1;0;0;0;0;0;0;0;0;0;0;11;0;0;0;0;0;0;0;0;0;3;0;0;1;0;0;0;0;0;0;0;0;0;0;0;0;0;0;0;0;0;0;0;0;0;0;0;2;0;0
;550;1;4;56;0;0;0;154;2;0;0;1;8;1;16;0;0;0;1;0;0;0;0;9;14;0;45;0;3;0;56;0;265;0;0;0;154;0;0;0;0;1;3;0;0;0;0;1;0;1;0;0;0;0;0;0;0;0;0;0;11;0;1;0;0;0;0;0;0;0;3;0;0;100;0;0;0;0;0;0;0;0;0;0;0;0;0;0;0;0;0;0;0;0;0;0;0;3;0;0
YANDEX;20;0;0;0;0;0;0;29;3;0;0;1;15;1;9;0;0;0;0;0;0;0;0;21;37;0;90;0;3;0;0;1;5;4;16;14;29;0;0;0;0;0;0;0;0;0;0;0;0;0;0;0;0;0;0;0;0;0;0;0;0;0;0;0;0;0;0;0;0;0;0;0;0;0;0;0;0;0;0;0;0;0;0;0;0;0;0;0;0;0;0;0;0;0;0;0;0;0;0;0
;31;0;0;0;0;0;0;20;3;0;0;1;15;1;10;0;0;0;0;0;0;0;0;22;39;0;92;0;4;0;1;1;15;4;16;14;20;0;0;0;0;0;0;0;0;0;0;0;0;0;0;0;0;0;0;0;0;0;0;0;0;0;0;0;0;0;0;0;0;0;0;0;0;0;0;0;0;0;0;0;0;0;0;0;0;0;0;0;0;0;0;0;0;0;0;0;0;0;0;0
;41;0;0;0;0;0;0;21;3;0;0;1;15;1;11;0;0;0;0;0;0;0;0;19;33;0;85;0;4;0;1;1;17;4;13;11;21;0;0;0;0;0;0;0;0;0;0;0;0;0;0;0;0;0;0;0;0;0;0;0;0;0;0;0;0;0;0;0;0;0;0;0;0;0;0;0;0;0;0;0;0;0;0;0;0;0;0;0;0;0;0;0;0;0;0;0;0;0;0;0
;41;0;0;0;0;0;0;17;3;0;0;1;15;1;13;0;0;0;0;0;0;0;0;19;33;0;84;0;4;0;1;1;16;4;13;11;17;0;0;0;0;0;0;0;0;0;0;0;0;0;0;0;0;0;0;0;0;0;0;0;0;0;0;0;0;0;0;0;0;0;0;0;0;0;0;0;0;0;0;0;0;0;0;0;0;0;0;0;0;0;0;0;0;0;0;0;0;0;0;0
;43;0;0;0;0;0;0;15;3;0;0;1;15;1;12;0;0;0;0;0;0;0;0;19;33;0;84;0;4;0;1;1;17;4;13;11;15;0;0;0;0;0;0;0;0;0;0;0;0;0;0;0;0;0;0;0;0;0;0;0;0;0;0;0;0;0;0;0;0;0;0;0;0;0;0;0;0;0;0;0;0;0;0;0;0;0;0;0;0;0;0;0;0;0;0;0;0;0;0;0
;45;1;18;0;0;0;0;9;3;0;0;3;10;3;12;0;0;0;0;0;0;0;0;11;17;7;42;0;2;0;4;3;29;1;2;2;9;0;0;0;0;0;0;0;0;0;0;0;0;0;0;0;0;0;0;0;0;0;0;0;0;0;0;0;0;0;0;0;0;0;0;0;0;0;0;0;0;0;0;0;0;0;0;0;0;0;0;0;0;0;0;0;0;0;0;0;0;0;0;0
;48;1;21;0;0;0;0;13;3;0;0;3;10;3;13;0;0;0;0;0;0;0;0;13;19;7;46;0;2;0;4;3;29;2;3;3;13;0;0;0;0;0;0;0;0;0;0;0;0;0;0;0;0;0;0;0;0;0;0;0;0;0;0;0;0;0;0;0;0;0;0;0;0;0;0;0;0;0;0;0;0;0;0;0;0;0;0;0;0;0;0;0;0;0;0;0;0;0;0;0
;44;1;17;0;0;0;0;11;3;0;0;3;10;3;14;0;0;0;0;0;0;0;0;12;20;9;50;0;2;0;5;3;47;1;1;1;11;0;0;0;0;0;0;0;0;0;0;0;0;0;0;0;0;0;0;0;0;0;0;0;0;0;0;0;0;0;0;0;0;0;0;0;0;0;0;0;0;0;0;0;0;0;0;0;0;0;0;0;0;0;0;0;0;0;0;0;0;0;0;0
;45;1;15;0;0;0;0;10;3;0;0;3;10;3;15;0;0;0;0;0;0;0;0;14;23;9;58;0;2;0;4;3;43;1;2;2;10;0;0;0;0;0;0;0;0;0;0;0;0;0;0;0;0;0;0;0;0;0;0;0;0;0;0;0;0;0;0;0;0;0;0;0;0;0;0;0;0;0;0;0;0;0;0;0;0;0;0;0;0;0;0;0;0;0;0;0;0;0;0;0
;53;1;17;0;0;0;0;9;3;0;0;3;11;3;19;0;0;0;0;0;0;0;0;15;22;6;57;0;2;0;3;3;38;1;1;1;9;0;0;0;0;0;0;0;0;0;0;0;0;0;0;0;0;0;0;0;0;0;0;0;0;0;0;0;0;0;0;0;0;0;0;0;0;0;0;0;0;0;0;0;0;0;0;0;0;0;0;0;0;0;0;0;0;0;0;0;0;0;0;0
;67;1;8;0;0;0;0;16;3;0;0;3;11;3;16;0;0;0;0;0;0;0;0;14;21;6;55;0;2;0;5;3;38;4;12;2;16;0;0;0;0;0;0;0;0;0;0;0;0;0;0;0;0;0;0;0;0;0;0;0;0;0;0;0;0;0;0;0;0;0;0;0;0;0;0;0;0;0;0;0;0;0;0;0;0;0;0;0;0;0;0;0;0;0;0;0;0;0;0;0
;62;1;7;0;0;0;0;10;3;0;0;3;13;3;17;0;0;0;0;0;0;0;0;15;22;5;59;0;2;0;7;3;46;4;14;4;10;0;0;0;0;0;0;0;0;0;0;0;0;0;0;0;0;0;0;0;0;0;0;0;0;0;0;0;0;0;0;0;0;0;0;0;0;0;0;0;0;0;0;0;0;0;0;0;0;0;0;0;0;0;0;0;0;0;0;0;0;0;0;0
;109;1;7;0;0;0;0;11;3;0;0;3;11;3;20;0;0;0;0;0;0;0;0;17;24;5;61;0;2;0;6;3;50;4;14;4;11;0;0;0;0;0;0;0;0;0;0;0;0;0;0;0;0;0;0;0;0;0;0;0;0;0;0;0;0;0;0;0;0;0;0;0;0;0;0;0;0;0;0;0;0;0;0;0;0;0;0;0;0;0;0;0;0;0;0;0;0;0;0;0
;114;1;5;0;0;0;0;8;3;0;0;3;13;3;17;0;0;0;0;0;0;0;0;20;29;5;68;0;2;0;7;3;59;4;14;4;8;0;0;0;0;0;2;0;0;0;0;0;0;0;0;0;0;0;0;0;0;0;0;0;0;0;0;0;0;0;0;0;0;0;0;0;0;0;0;0;0;0;0;0;0;0;0;0;0;0;0;0;0;0;0;0;0;0;0;0;0;0;0;0
;139;1;6;0;0;0;0;13;3;0;0;3;12;3;20;0;0;0;0;0;0;2;0;24;33;5;76;0;2;0;8;3;65;4;14;4;13;0;0;0;0;0;2;0;0;0;0;0;0;0;0;0;0;0;0;0;0;0;0;0;0;0;0;0;0;0;0;0;0;0;0;0;0;0;0;0;0;0;0;0;0;0;0;0;0;0;0;0;0;0;0;0;0;0;0;0;0;0;0;0
;117;1;5;0;0;0;0;9;3;0;0;3;12;3;18;0;0;0;0;0;0;0;0;20;29;5;71;0;2;0;6;3;62;4;14;4;9;0;0;0;0;0;2;0;0;0;0;0;0;0;0;0;0;0;0;0;0;0;0;0;0;0;0;0;0;0;0;0;0;0;0;0;0;0;0;0;0;0;0;0;0;0;0;0;0;0;0;0;0;0;0;0;0;0;0;0;0;0;0;0
;162;0;1;0;0;0;0;6;3;0;0;3;12;3;12;0;0;0;0;0;0;0;0;15;22;0;54;0;2;0;7;0;27;0;0;0;6;0;0;0;0;0;0;0;0;0;0;0;0;0;0;0;0;0;0;0;0;0;0;0;0;0;0;0;0;0;0;0;0;0;0;0;0;0;0;0;0;0;0;0;0;0;0;0;0;0;0;0;0;0;0;0;0;0;0;0;0;0;0;0
;242;0;2;0;0;0;0;9;4;0;0;3;20;3;16;0;0;0;0;0;0;3;0;20;30;0;66;0;2;0;7;0;31;0;0;0;9;0;0;0;0;0;0;0;0;0;0;0;0;0;0;0;0;0;0;0;0;0;0;0;0;0;0;0;0;0;0;0;0;0;0;0;0;0;0;0;0;0;0;0;0;0;0;0;0;0;0;0;0;0;0;0;0;0;0;0;0;0;0;0
;191;0;1;0;0;0;0;18;3;0;0;3;13;3;15;0;0;0;0;0;0;2;0;17;27;0;64;0;2;0;6;0;23;0;0;0;18;0;0;0;0;0;3;0;0;0;0;0;0;0;0;0;0;0;0;0;0;0;0;0;0;0;0;0;0;0;0;0;0;0;0;0;0;0;0;0;0;0;0;0;0;0;0;0;0;0;0;0;0;0;0;0;0;0;0;0;0;0;0;0
;200;0;1;0;0;0;0;8;3;0;0;3;10;3;20;0;0;0;0;0;0;1;0;15;21;0;55;0;1;0;6;0;21;0;0;0;8;0;0;0;0;0;3;0;0;0;0;0;0;0;0;0;0;0;0;0;0;0;0;0;0;0;0;0;0;0;0;0;0;0;0;0;0;0;0;0;0;0;0;0;0;0;0;0;0;0;0;0;0;0;0;0;0;0;0;0;0;0;0;0
;203;1;10;0;0;0;0;8;3;0;0;3;10;3;20;0;0;0;0;0;0;3;0;17;20;2;44;0;1;0;6;0;23;0;0;0;8;0;0;0;0;1;8;0;0;0;8;1;0;0;0;0;1;0;0;0;0;1;0;0;0;0;1;0;0;2;0;0;0;0;1;0;0;0;0;0;0;0;0;0;0;0;1;0;0;0;0;3;1;3;0;0;0;0;0;0;0;19;3;0
BING;36;0;0;1;0;0;0;4;2;0;0;3;10;3;19;0;0;0;0;0;0;0;0;4;7;0;17;0;3;0;5;0;20;0;0;0;4;0;0;0;0;0;0;0;0;0;0;0;0;0;0;0;0;0;0;0;0;0;0;0;0;0;0;0;0;0;0;0;0;0;0;0;0;0;0;0;0;0;0;0;0;0;0;0;0;0;0;0;0;0;0;0;0;0;0;0;0;0;0;0
;35;0;0;1;0;0;0;4;2;0;0;3;10;3;18;0;0;0;0;0;0;0;0;4;7;0;17;0;4;0;5;0;14;0;0;0;4;0;0;0;0;0;0;0;0;0;0;0;0;0;0;0;0;0;0;0;0;0;0;0;0;0;0;0;0;0;0;0;0;0;0;0;0;0;0;0;0;0;0;0;0;0;0;0;0;0;0;0;0;0;0;0;0;0;0;0;0;0;0;0
;89;0;0;3;0;0;0;8;3;0;0;0;11;0;26;0;0;0;0;0;0;0;0;7;13;0;33;0;5;0;12;0;44;0;0;0;8;0;0;0;0;0;0;0;0;0;0;0;0;0;0;0;0;0;0;0;0;0;0;0;0;0;0;0;0;0;0;0;0;0;0;0;0;0;0;0;0;0;0;0;0;0;0;0;0;0;0;0;0;0;0;0;0;0;0;0;0;0;0;0
;64;0;0;3;0;0;0;4;2;0;0;0;7;0;21;0;0;0;0;0;0;0;0;4;7;0;17;0;3;0;6;0;25;0;0;0;4;0;0;0;0;0;0;0;0;0;0;0;0;0;0;0;0;0;0;0;0;0;0;0;0;0;0;0;0;0;0;0;0;0;0;0;0;0;0;0;0;0;0;0;0;0;0;0;0;0;0;0;0;0;0;0;0;0;0;0;0;0;0;0
;66;0;0;3;0;0;0;4;2;0;0;0;7;0;21;0;0;0;0;0;0;0;0;4;8;0;18;0;4;0;6;0;27;0;0;0;4;0;0;0;0;0;0;0;0;0;0;0;0;0;0;0;0;0;0;0;0;0;0;0;0;0;0;0;0;0;0;0;0;0;0;0;0;0;0;0;0;0;0;0;0;0;0;0;0;0;0;0;0;0;0;0;0;0;0;0;0;0;0;0
;32;0;0;0;0;0;0;4;2;0;0;3;11;3;20;0;0;0;0;0;0;0;0;4;7;0;17;0;3;0;4;0;16;0;0;0;4;0;0;0;0;0;0;0;0;0;0;0;0;0;0;0;0;0;0;0;0;0;0;0;0;0;0;0;0;0;0;0;0;0;0;0;0;0;0;0;0;0;0;0;0;0;0;0;0;0;0;0;0;0;0;0;0;0;0;0;0;0;0;0
;62;0;0;0;0;0;0;4;2;0;0;0;8;0;24;0;0;0;0;0;0;0;0;5;9;0;20;0;4;0;2;0;17;0;0;0;4;0;0;0;0;0;0;0;0;0;0;0;0;0;0;0;0;0;0;0;0;0;0;0;0;0;0;0;0;0;0;0;0;0;0;0;0;0;0;0;0;0;0;0;0;0;0;0;0;0;0;0;0;0;0;0;0;0;0;0;0;0;0;0
;67;0;0;0;0;0;0;4;2;0;0;0;8;0;22;0;0;0;0;0;0;0;0;5;9;0;20;0;4;0;2;0;17;0;0;0;4;0;0;0;0;0;0;0;0;0;0;0;0;0;0;0;0;0;0;0;0;0;0;0;0;0;0;0;0;0;0;0;0;0;0;0;0;0;0;0;0;0;0;0;0;0;0;0;0;0;0;0;0;0;0;0;0;0;0;0;0;0;0;0
;76;0;0;0;0;0;0;4;2;0;0;0;8;0;26;0;0;0;0;0;0;0;0;5;9;0;20;0;5;0;2;0;17;0;0;0;4;0;0;0;0;0;0;0;0;0;0;0;0;0;0;0;0;0;0;0;0;0;0;0;0;0;0;0;0;0;0;0;0;0;0;0;0;0;0;0;0;0;0;0;0;0;0;0;0;0;0;0;0;0;0;0;0;0;0;0;0;0;0;0
;71;0;0;0;0;0;0;4;2;0;0;0;8;0;26;0;0;0;0;0;0;0;0;5;9;0;21;0;3;0;2;0;15;0;0;0;4;0;0;0;0;0;0;0;0;0;0;0;0;0;0;0;0;0;0;0;0;0;0;0;0;0;0;0;0;0;0;0;0;0;0;0;0;0;0;0;0;0;0;0;0;0;0;0;0;0;0;0;0;0;0;0;0;0;0;0;0;0;0;0
;75;0;0;0;0;0;0;4;2;0;0;0;8;0;23;0;0;0;0;0;0;0;0;5;9;0;20;0;3;0;3;0;17;0;0;0;4;0;0;0;0;0;0;0;0;0;0;0;0;0;0;0;0;0;0;0;0;0;0;0;0;0;0;0;0;0;0;0;0;0;0;0;0;0;0;0;0;0;0;0;0;0;0;0;0;0;0;0;0;0;0;0;0;0;0;0;0;0;0;0
;104;0;0;0;0;0;0;4;2;0;0;0;8;0;21;0;0;0;0;0;0;0;0;5;9;0;20;0;3;0;6;0;33;0;0;0;4;0;0;0;0;0;0;0;0;0;0;0;0;0;0;0;0;0;0;0;0;0;0;0;0;0;0;0;0;0;0;0;0;0;0;0;0;0;0;0;0;0;0;0;0;0;0;0;0;0;0;0;0;0;0;0;0;0;0;0;0;0;0;0
;95;0;0;0;0;0;0;5;2;0;0;0;8;0;20;0;0;0;0;0;0;6;0;4;7;0;17;0;2;0;6;0;30;0;0;0;5;0;0;0;0;0;0;0;0;0;2;2;0;0;0;0;0;0;0;0;0;0;0;0;0;0;0;0;0;0;0;0;0;0;1;0;0;0;0;0;0;0;0;0;0;0;1;0;0;0;0;0;0;0;0;0;0;0;0;0;0;0;0;0
ALIEXPRESS;54;0;0;6;0;0;0;21;3;0;0;0;13;0;9;0;0;0;0;0;0;0;0;3;6;0;16;0;2;0;14;0;54;7;7;15;21;0;0;0;0;0;0;0;0;0;0;0;0;0;0;0;0;0;0;0;0;0;0;0;0;0;0;0;0;0;0;0;0;0;0;0;0;0;0;0;0;0;0;0;0;0;0;0;0;0;0;0;0;0;0;0;0;0;0;0;0;0;0;0
;81;0;0;11;1;0;0;33;3;0;0;0;13;0;11;0;0;0;0;0;0;0;0;3;6;0;16;0;1;0;16;0;75;3;3;10;33;0;0;0;0;0;0;0;0;0;0;0;0;0;0;0;0;0;0;0;0;0;0;0;0;0;0;0;0;0;0;0;0;0;0;0;0;0;0;0;0;0;0;0;0;0;0;0;0;0;0;0;0;0;0;0;0;0;0;0;0;0;0;0
;77;0;0;4;5;0;0;17;2;0;0;0;12;0;12;0;0;0;0;0;0;0;0;3;6;0;16;0;1;0;11;0;61;2;2;2;17;0;0;0;0;0;0;0;0;0;0;0;0;0;0;0;0;0;0;0;0;0;0;0;0;0;0;0;0;0;0;0;0;0;0;0;0;0;0;0;0;0;0;0;0;0;0;0;0;0;0;0;0;0;0;0;0;0;0;0;0;0;0;0
;111;0;0;4;10;15;0;25;2;0;0;0;12;0;19;0;0;0;0;0;0;0;0;3;6;0;16;0;2;0;33;0;141;96;96;81;25;0;0;0;0;0;0;0;0;0;0;0;0;0;0;0;0;0;0;0;0;0;0;0;0;0;0;0;0;0;0;0;0;0;0;0;0;0;0;0;0;0;0;0;0;0;0;0;0;0;0;0;0;0;0;0;0;0;0;0;0;0;0;0
;116;1;0;4;10;17;0;33;2;0;0;2;17;2;23;0;0;0;0;0;0;0;0;3;6;0;16;0;3;0;34;0;133;21;21;21;33;0;0;0;0;0;0;0;0;0;0;0;0;0;0;0;0;0;0;0;0;0;0;0;0;0;0;0;0;0;0;0;0;0;0;0;0;0;0;0;0;0;0;0;0;0;0;0;0;0;0;0;0;0;0;0;0;0;0;0;0;0;0;0
;189;1;0;23;6;0;0;94;2;0;0;2;19;2;22;0;0;0;0;0;0;0;0;3;6;0;16;0;9;0;30;0;135;36;33;36;94;0;0;0;0;0;0;0;0;0;0;0;0;0;0;0;0;0;0;0;0;0;0;0;0;0;0;0;0;0;0;0;0;0;0;0;0;0;0;0;0;0;0;0;0;0;0;0;0;0;0;0;0;0;0;0;0;0;0;0;0;0;0;0
;208;1;0;23;5;0;0;97;2;0;0;2;21;2;26;0;0;0;0;0;0;0;0;3;6;0;16;0;8;0;29;0;137;36;35;36;97;0;0;0;0;0;0;0;0;0;0;0;0;0;0;0;0;0;0;0;0;0;0;0;0;0;0;0;0;0;0;0;0;0;0;0;0;0;0;0;0;0;0;0;0;0;0;0;0;0;0;0;0;0;0;0;0;0;0;0;0;0;0;0
;342;0;0;6;5;0;0;119;3;0;0;0;24;0;17;0;0;0;0;0;0;0;0;3;6;0;16;0;3;0;38;0;139;32;32;33;119;0;0;0;0;0;0;0;0;0;0;0;0;0;0;0;0;0;0;0;0;0;0;0;0;0;0;0;0;0;0;0;0;0;0;0;0;0;0;0;0;0;0;0;0;0;0;0;0;0;0;0;0;0;0;0;0;0;0;0;0;0;0;0
;348;0;0;6;5;0;0;130;2;0;0;0;24;0;16;0;0;0;0;0;0;0;0;3;6;0;16;0;4;0;40;0;145;39;39;41;130;0;0;0;0;0;0;0;0;0;0;0;0;0;0;0;0;0;0;0;0;0;0;0;0;0;0;0;0;0;0;0;0;0;0;0;0;0;0;0;0;0;0;0;0;0;0;0;0;0;0;0;0;0;0;0;0;0;0;0;0;0;0;0
;298;1;0;5;5;0;0;127;3;0;0;0;34;0;19;0;0;0;0;0;0;0;0;3;6;0;16;0;4;0;40;0;142;41;41;44;127;0;0;0;0;0;0;0;0;0;0;0;0;0;0;0;0;0;0;0;0;0;0;0;0;0;0;0;0;0;0;0;0;0;0;0;0;0;0;0;0;0;0;0;0;0;0;0;0;0;0;0;0;0;0;0;0;0;0;0;0;0;0;0
;182;1;4;12;0;0;0;35;2;0;0;0;21;0;20;0;0;0;0;0;0;0;0;3;6;0;16;0;2;0;27;0;47;55;55;55;35;0;0;0;0;0;0;0;0;0;0;0;0;0;0;0;0;0;0;0;0;0;0;0;0;0;0;0;0;0;0;0;0;0;0;0;0;0;0;0;0;0;0;0;0;0;0;0;0;0;0;0;0;0;0;0;0;0;0;0;0;0;0;0
INSTAGRAM;16;0;0;0;0;0;0;11;1;0;0;0;4;0;11;0;0;0;0;0;0;0;0;3;6;0;16;0;1;0;0;0;0;0;0;0;11;0;0;0;0;0;0;0;0;0;0;0;0;0;0;0;0;0;0;0;0;0;0;0;0;0;0;0;0;0;0;0;0;0;0;0;0;0;0;0;0;0;0;0;0;0;0;0;0;0;0;0;0;0;0;0;0;0;0;0;0;0;0;0
;16;0;0;0;0;0;0;11;1;0;0;0;4;0;11;0;0;0;0;0;0;0;0;3;6;0;16;0;1;0;0;0;0;0;0;0;11;0;0;0;0;0;0;0;0;0;0;0;0;0;0;0;0;0;0;0;0;0;0;0;0;0;0;0;0;0;0;0;0;0;0;0;0;0;0;0;0;0;0;0;0;0;0;0;0;0;0;0;0;0;0;0;0;0;0;0;0;0;0;0
;19;1;0;0;0;0;0;13;1;0;0;0;4;0;13;0;0;1;1;0;0;0;0;3;6;0;16;0;1;0;1;0;8;0;0;0;13;0;0;0;0;0;0;0;0;0;0;0;0;0;0;0;0;0;0;0;0;0;0;0;0;0;0;0;0;0;0;0;0;0;0;0;0;0;0;0;0;0;0;0;0;0;0;0;0;0;0;0;0;0;0;0;0;0;0;0;0;0;0;0
;19;1;0;0;0;0;0;13;1;0;0;0;4;0;16;0;0;1;1;0;0;0;0;3;6;0;16;0;1;0;1;0;8;0;0;0;13;0;0;0;0;0;0;0;0;0;0;0;0;0;0;0;0;0;0;0;0;0;0;0;0;0;0;0;0;0;0;0;0;0;0;0;0;0;0;0;0;0;0;0;0;0;0;0;0;0;0;0;0;0;0;0;0;0;0;0;0;0;0;0
;22;2;0;0;0;0;0;11;1;0;0;0;4;0;19;0;0;1;1;0;0;0;0;3;6;0;16;0;3;0;1;0;8;0;0;0;11;0;0;0;0;0;0;0;0;0;0;1;0;0;0;0;0;0;0;0;0;0;0;0;0;0;0;0;0;0;0;0;0;0;0;0;0;0;0;0;0;0;0;0;0;0;0;0;0;0;0;0;0;0;0;0;0;0;0;0;0;0;0;0
;20;2;0;0;0;0;0;11;1;0;0;0;4;0;18;0;0;1;1;0;0;0;0;3;6;0;16;0;4;0;1;0;8;0;0;0;11;0;0;0;0;0;0;0;0;0;0;1;0;0;0;0;0;0;0;0;0;0;0;0;0;0;0;0;0;0;0;0;0;0;0;0;0;0;0;0;0;0;0;0;0;0;0;0;0;0;0;0;0;0;0;0;0;0;0;0;0;0;0;0
;20;2;0;0;0;0;0;11;1;0;0;0;4;0;17;0;0;1;1;0;0;0;0;3;6;0;16;0;1;0;1;0;8;0;0;0;11;0;0;0;0;0;0;0;0;0;0;1;0;0;0;0;0;0;0;0;0;0;0;0;0;0;0;0;0;0;0;0;0;0;0;0;0;0;0;0;0;0;0;0;0;0;0;0;0;0;0;0;0;0;0;0;0;0;0;0;0;0;0;0
;20;2;0;0;0;0;0;11;1;0;0;0;4;0;20;0;0;1;1;0;0;0;0;3;6;0;16;0;1;0;1;0;8;0;0;0;11;0;0;0;0;0;0;0;0;0;0;1;0;0;0;0;0;0;0;0;0;0;0;0;0;0;0;0;0;0;0;0;0;0;0;0;0;0;0;0;0;0;0;0;0;0;0;0;0;0;0;0;0;0;0;0;0;0;0;0;0;0;0;0
;22;2;0;0;0;0;0;11;1;0;0;0;4;0;15;0;0;1;1;0;0;0;0;3;6;0;16;0;1;0;1;0;8;0;0;0;11;0;0;0;0;0;0;0;0;0;0;1;0;0;0;0;0;0;0;0;0;0;0;0;0;0;0;0;0;0;0;0;0;0;0;0;0;0;0;0;0;0;0;0;0;0;0;0;0;0;0;0;0;0;0;0;0;0;0;0;0;0;0;0
MSN;98;1;18;13;7;0;0;11;5;0;0;4;15;4;9;0;0;0;0;0;0;0;0;4;10;3;25;1;2;0;27;1;115;0;0;0;11;0;0;0;0;0;0;0;0;0;0;0;0;0;0;0;0;0;0;0;0;0;0;0;0;0;0;0;0;0;0;0;0;0;0;0;0;0;0;0;0;0;0;0;0;0;0;0;0;0;0;0;0;0;0;0;0;0;0;0;0;0;0;0
;126;0;16;7;2;0;0;20;5;0;0;4;16;4;21;0;0;0;0;0;0;0;0;4;10;3;25;1;3;0;27;1;118;0;0;0;20;0;0;0;0;0;0;0;0;0;0;0;0;0;0;0;0;0;0;0;0;0;0;0;0;0;0;0;0;0;0;0;0;0;0;0;0;0;0;0;0;0;0;0;0;0;0;0;0;0;0;0;0;0;0;0;0;0;0;0;0;0;0;0
;181;0;18;3;0;0;0;21;6;0;0;5;16;5;25;0;0;0;0;0;0;0;0;4;10;3;25;1;2;0;20;0;133;0;0;0;21;0;0;0;0;0;0;0;0;0;0;0;0;0;0;0;0;0;0;0;0;0;0;0;0;0;0;0;0;0;0;0;0;0;0;0;0;0;0;0;0;0;0;0;0;0;0;0;0;0;0;0;0;0;0;0;0;0;0;0;0;0;0;0
;147;0;12;3;2;4;0;26;7;0;0;11;22;11;26;0;0;0;0;0;0;0;0;4;10;3;25;1;2;0;33;0;141;0;0;0;26;0;0;0;0;0;0;0;0;0;0;0;0;0;0;0;0;0;0;0;0;0;0;0;0;0;0;0;0;0;0;0;0;0;0;0;0;0;0;0;0;0;0;0;0;0;0;0;0;0;0;0;0;0;0;0;0;0;0;0;0;0;0;0
;153;0;12;4;2;4;0;27;7;0;0;11;22;11;26;0;0;0;0;0;0;0;0;4;10;3;25;1;2;0;34;0;130;0;0;0;27;0;0;0;0;0;0;0;0;0;0;0;0;0;0;0;0;0;0;0;0;0;0;0;0;0;0;0;0;0;0;0;0;0;0;0;0;0;0;0;0;0;0;0;0;0;0;0;0;0;0;0;0;0;0;0;0;0;0;0;0;0;0;0
;162;0;12;5;2;4;0;25;8;0;0;12;24;12;27;0;0;0;0;0;0;0;0;4;10;3;25;1;2;0;34;0;131;0;0;0;25;0;0;0;0;0;0;0;0;0;0;0;0;0;0;0;0;0;0;0;0;0;0;0;0;0;0;0;0;0;0;0;0;0;0;0;0;0;0;0;0;0;0;0;0;0;0;0;0;0;0;0;0;0;0;0;0;0;0;0;0;0;0;0
;172;0;13;5;3;4;0;27;8;0;0;12;24;12;27;0;0;0;0;0;0;0;0;4;10;3;25;1;2;0;36;0;138;0;0;0;27;0;0;0;0;0;0;0;0;0;0;0;0;0;0;0;0;0;0;0;0;0;0;0;0;0;0;0;0;0;0;0;0;0;0;0;0;0;0;0;0;0;0;0;0;0;0;0;0;0;0;0;0;0;0;0;0;0;0;0;0;0;0;0
;195;0;17;7;2;0;0;25;8;0;0;4;19;4;25;0;0;0;0;0;0;0;0;4;10;4;28;1;2;0;38;0;162;0;0;0;25;0;0;0;0;0;0;0;0;0;0;0;0;0;0;0;0;0;0;0;0;0;0;0;0;0;0;0;0;0;0;0;0;0;0;0;0;0;0;0;0;0;0;0;0;0;0;0;0;0;0;0;0;0;0;0;0;0;0;0;0;0;0;0
;212;0;16;7;5;0;0;24;8;0;0;12;55;12;28;0;0;0;0;0;0;0;0;4;10;4;28;1;3;0;40;1;171;0;0;0;24;0;0;0;0;0;0;0;0;0;0;0;0;0;0;0;0;0;0;0;0;0;0;0;0;0;0;0;0;0;0;0;0;0;0;0;0;0;0;0;0;0;0;0;0;0;0;0;0;0;0;0;0;0;0;0;0;0;0;0;0;0;0;0
;205;0;16;7;2;0;0;23;8;0;0;4;20;4;40;0;0;0;0;0;0;0;0;4;10;4;28;1;2;0;37;0;163;0;0;0;23;0;0;0;0;0;0;0;0;0;0;0;0;0;0;0;0;0;0;0;0;0;0;0;0;0;0;0;0;0;0;0;0;0;0;0;0;0;0;0;0;0;0;0;0;0;0;0;0;0;0;0;0;0;0;0;0;0;0;0;0;0;0;0
;280;0;22;6;1;0;0;14;6;0;0;5;18;5;10;0;0;0;0;0;0;0;0;4;10;4;28;1;3;0;34;0;179;0;0;0;14;0;0;0;0;0;0;0;0;0;0;0;0;0;0;0;0;0;0;0;0;0;0;0;0;0;0;0;0;0;0;0;0;0;0;0;0;0;0;0;0;0;0;0;0;0;0;0;0;0;0;0;0;0;0;0;0;0;0;0;0;0;0;0
;330;0;23;9;1;0;0;24;7;0;0;6;22;6;11;0;0;0;0;0;0;0;0;4;10;3;25;1;4;0;40;0;201;0;0;0;24;0;0;0;0;0;0;0;0;0;0;0;0;0;0;0;0;0;0;0;0;0;0;0;0;0;0;0;0;0;0;0;0;0;0;0;0;0;0;0;0;0;0;0;0;0;0;0;0;0;0;0;0;0;0;0;0;0;0;0;0;0;0;0
;338;0;24;11;1;0;0;23;6;0;0;5;19;5;18;0;0;0;0;0;0;0;0;4;10;3;25;1;4;0;44;0;206;0;0;0;23;0;0;0;0;0;0;0;0;0;0;0;0;0;0;0;0;0;0;0;0;0;0;0;0;0;0;0;0;0;0;0;0;0;0;0;0;0;0;0;0;0;0;0;0;0;0;0;0;0;0;0;0;0;0;0;0;0;0;0;0;0;0;0
;453;0;21;11;2;0;0;25;5;0;0;17;98;17;20;0;0;0;0;0;0;0;0;4;10;3;25;1;5;0;49;1;232;0;0;0;25;0;0;0;0;0;0;0;0;0;0;0;0;0;0;0;0;0;0;0;0;0;0;0;0;0;0;0;0;0;0;0;0;0;0;0;0;0;0;0;0;0;0;0;0;0;0;0;0;0;0;0;0;0;0;0;0;0;0;0;0;0;0;0
;550;0;24;50;246;0;0;29;6;0;0;18;110;18;17;0;0;0;0;0;0;0;0;4;10;3;25;1;4;0;93;1;533;0;0;0;29;0;0;0;0;0;0;0;0;0;0;0;0;0;0;0;0;0;0;0;0;0;0;0;0;0;0;0;0;0;0;0;0;0;0;0;0;0;0;0;0;0;0;0;0;0;0;0;0;0;0;0;0;0;0;0;0;0;0;0;0;0;0;0
;475;0;25;12;33;0;0;30;6;0;0;8;99;8;17;0;0;0;0;0;0;0;0;4;10;3;25;1;5;0;58;1;281;0;0;0;30;0;0;0;0;0;0;0;0;0;0;0;0;0;0;0;0;0;0;0;0;0;0;0;0;0;0;0;0;0;0;0;0;0;0;0;0;0;0;0;0;0;0;0;0;0;0;0;0;0;0;0;0;0;0;0;0;0;0;0;0;0;0;0
;437;0;24;13;36;0;0;28;6;0;0;9;98;9;17;0;0;0;0;0;0;0;0;4;10;3;25;1;4;0;50;1;275;0;0;0;28;0;0;0;0;0;0;0;0;0;0;0;0;0;0;0;0;0;0;0;0;0;0;0;0;0;0;0;0;0;0;0;0;0;0;0;0;0;0;0;0;0;0;0;0;0;0;0;0;0;0;0;0;0;0;0;0;0;0;0;0;0;0;0
;536;0;29;12;30;0;0;28;8;0;0;18;117;18;19;0;0;0;0;0;0;0;0;4;10;3;25;1;6;0;65;1;299;0;0;0;28;0;0;0;0;0;0;0;0;0;0;0;0;0;0;0;0;0;0;0;0;0;0;0;0;0;0;0;0;0;0;0;0;0;0;0;0;0;0;0;0;0;0;0;0;0;0;0;0;0;0;0;0;0;0;0;0;0;0;0;0;0;0;0
;648;0;32;12;34;0;0;25;7;0;0;12;110;12;21;0;0;0;0;0;0;0;0;4;10;3;25;1;5;0;78;1;366;0;0;0;25;0;0;0;0;0;0;0;0;0;0;0;0;0;0;0;0;0;0;0;0;0;0;0;0;0;0;0;0;0;0;0;0;0;0;0;0;0;0;0;0;0;0;0;0;0;0;0;0;0;0;0;0;0;0;0;0;0;0;0;0;0;0;0
;460;1;18;14;177;0;0;403;4;0;0;5;9;2;24;0;9;1;1;0;0;0;0;3;6;0;16;0;3;0;107;0;332;0;0;0;403;0;0;0;0;1;3;0;0;0;1;1;0;0;0;0;0;0;0;0;0;0;0;0;0;0;1;0;0;1;2;0;0;0;0;0;0;0;0;0;0;0;0;0;0;0;1;0;0;0;0;0;0;0;0;0;0;0;0;0;0;3;0;0
;408;1;19;21;101;0;0;285;4;0;0;5;11;2;36;0;12;1;1;0;0;0;0;3;6;0;16;0;2;0;89;0;343;0;0;0;285;0;0;0;0;1;2;0;0;0;1;1;0;0;0;0;0;0;0;0;0;0;0;0;0;0;1;0;0;1;2;0;0;0;0;0;0;0;0;0;0;0;0;0;0;0;1;0;0;0;0;0;0;0;0;0;0;0;0;0;0;3;0;0
